,0.08333333333333333,0.16666666666666666,1,2
0,1010.1026508293905,1041.992986273396,1371.5972406210667,1637.5067044607345
1,1009.151335844607,1041.1299292389283,1371.0510479130357,1637.0861580036803
2,1008.2002375684631,1040.2672088203453,1370.5051028861435,1636.6657835906412
3,1007.2493566836954,1039.4048254247707,1369.959405437041,1636.245581122576
4,1006.2986938738413,1038.5427794588404,1369.4139554622989,1635.8255504992908
5,1005.3482498232288,1037.681071328665,1368.8687528583139,1635.4056916214608
6,1004.3980252169733,1036.8197014398236,1368.323797521579,1634.986004389355
7,1003.4480207409797,1035.9586701973913,1367.7790893486865,1634.5664887036273
8,1002.4982370819237,1035.0979780058906,1367.2346282362294,1634.1471444655251
9,1001.5486749272645,1034.2376252693498,1366.6904140805289,1633.7279715748423
10,1000.5993349652263,1033.3776123912492,1366.1464467781782,1633.3089699328207
11,999.6502178848041,1032.5179397745412,1365.6027262258633,1632.8901394404977
12,998.7013243757535,1031.658607821658,1365.0592523198006,1632.4714799984943
13,997.7526551285846,1030.7996169344851,1364.5160249565745,1632.0529915083357
14,996.8042108345678,1029.9409675143875,1363.9730440327555,1631.634673870335
15,995.8559921857193,1029.0826599621873,1363.4303094448123,1631.2165269859115
16,994.9079998747989,1028.2246946781693,1362.8878210892049,1630.79855075663
17,993.9602345953031,1027.3670720620748,1362.3455788623733,1630.3807450835939
18,993.0126970414742,1026.5097925131117,1361.8035826608389,1629.9631098682762
19,992.0653879082779,1025.6528564299454,1361.2618323811942,1629.5456450119582
20,991.1183078914084,1024.796264210701,1360.7203279198277,1629.1283504157902
21,990.1714576872823,1023.9400162529448,1360.179069173198,1628.71122598227
22,989.2248379930354,1023.0841129537009,1359.6380560378352,1628.2942716124464
23,988.2784495065146,1022.2285547094543,1359.0972884102382,1627.8774872082354
24,987.3322929262765,1021.3733419161342,1358.5567661867906,1627.4608726711026
25,986.3863689515811,1020.5184749691116,1358.016489263938,1627.0444279031271
26,985.4406782823928,1019.6639542632167,1357.4764575383692,1626.6281528067277
27,984.4952216193642,1018.8097801927199,1356.9366709063752,1626.2120472833712
28,983.5499996638407,1017.9559531513189,1356.3971292644853,1625.7961112353619
29,982.6050131178556,1017.1024735321771,1355.8578325090991,1625.380344564861
30,981.6602626841247,1016.2493417278881,1355.3187805367656,1624.9647471740748
31,980.715749066032,1015.3965581304947,1354.7799732439912,1624.5493189655422
32,979.7714729676445,1014.5441231314596,1354.2414105271475,1624.1340598408622
33,978.8274350936915,1013.6920371216854,1353.7030922826532,1623.7189697035137
34,977.8836361495607,1012.8403004915262,1353.1650184071618,1623.3040484552373
35,976.9400768413082,1011.9889136307356,1352.6271887970913,1622.8892959993775
36,975.9967578756346,1011.137876928542,1352.0896033489005,1622.474712237562
37,975.0536799598913,1010.2871907735719,1351.552261958908,1622.0602970735397
38,974.1108438020751,1009.436855553889,1351.0151645238418,1621.6460504095933
39,973.1682501108219,1008.5868716569864,1350.4783109399077,1621.2319721485558
40,972.2258995953998,1007.7372394697793,1349.941701103814,1620.8180621936306
41,971.283792965711,1006.8879593786087,1349.405334911744,1620.4043204480486
42,970.3419309322776,1006.0390317692281,1348.8692122605657,1619.9907468143385
43,969.4003142062456,1005.190457026838,1348.3333330464302,1619.5773411961236
44,968.4589434993748,1004.3422355360337,1347.7976971659864,1619.1641034963004
45,967.5178195240367,1003.49436768084,1347.262304515627,1618.751033618378
46,966.5769429932072,1002.6468538446818,1346.727154991772,1618.3381314658882
47,965.6363146204637,1001.7996944104291,1346.1922484910501,1617.9253969418837
48,964.6959351199803,1000.9528897603416,1345.657584909924,1617.5128299500693
49,963.7558052065228,1000.1064402760994,1345.1231641446918,1617.100430394104
50,962.8159255954399,999.2603463387948,1344.588986092042,1616.6881981775227
51,961.8762970026678,998.4146083289268,1344.0550506483976,1616.2761332043806
52,960.9369201447164,997.5692266264027,1343.5213577102909,1615.8642353777657
53,959.997795738665,996.7242016105313,1342.9879071740802,1615.4525046023496
54,959.0589245021674,995.8795336600367,1342.4546989364135,1615.0409407816114
55,958.1203071534273,995.0352231530355,1341.9217328936697,1614.6295438197908
56,957.1819444112159,994.1912704670747,1341.3890089424199,1614.2183136206818
57,956.2438369948557,993.3476759790638,1340.8565269791497,1613.8072500889084
58,955.3059856242105,992.5044400653233,1340.3242869003454,1613.396353128075
59,954.3683910196921,991.6615631015891,1339.792288602499,1612.9856226429092
60,953.4310539022454,990.8190454629812,1339.2605319821937,1612.5750585378705
61,952.4939749933508,989.9768875240143,1338.7290169358273,1612.1646607172406
62,951.557155015016,989.1350896585968,1338.1977433601655,1611.7544290853014
63,950.620594689769,988.293652240046,1337.6667111514093,1611.3443635464077
64,949.6842947406565,987.4525756410321,1337.1359202062224,1610.9344640062368
65,948.7482558912357,986.6118602336671,1336.605370421166,1610.5247303686622
66,947.8124788655755,985.7715063894079,1336.0750616927917,1610.1151625384
67,946.8769643882422,984.9315144791224,1335.54499391745,1609.705760420962
68,945.9417131843013,984.091884873055,1335.0151669918548,1609.2965239206026
69,945.0067259793136,983.2526179408396,1334.4855808127074,1608.8874529429152
70,944.0720034993219,982.4137140514906,1333.9562352761257,1608.4785473921863
71,943.1375464709533,981.5751735734073,1333.4271302789625,1608.069807174066
72,942.2033556209126,980.7369968743724,1332.8982657177678,1607.661232193692
73,941.269431676976,979.8991843215231,1332.3696414890712,1607.2528223567633
74,940.3357753669882,979.061736281423,1331.8412574893762,1606.844577567691
75,939.4023874193492,978.2246531199751,1331.3131136152576,1606.43649773222
76,938.4692685629225,977.387935202458,1330.785209763358,1606.0285827563787
77,937.5364195270213,976.5515828935522,1330.2575458301953,1605.6208325451555
78,936.6038410414044,975.7155965572756,1329.7301217124489,1605.2132470041174
79,935.6715338362676,974.8799765570423,1329.2029373065739,1604.8058260393368
80,934.7394986422526,974.0447232556412,1328.6759925092758,1604.3985695563938
81,933.8077361904241,973.2098370152053,1328.1492872171339,1603.9914774611689
82,932.8762472122721,972.3753181972563,1327.6228213268762,1603.5845496592456
83,931.9450324397142,971.5411671626794,1327.0965947348152,1603.1777860568075
84,931.0140926050758,970.7073842717055,1326.570607337792,1602.7711865597398
85,930.0834284410967,969.8739698839709,1326.0448590324131,1602.3647510747503
86,929.1530406809152,969.0409243584375,1325.5193497152447,1601.9584795069968
87,928.2229300580796,968.2082480534395,1324.9940792829957,1601.5523717637072
88,927.2930973065256,967.3759413266814,1324.4690476323312,1601.1464277500536
89,926.3635431605778,966.5440045352173,1323.9442546597686,1600.7406473738324
90,925.4342683549494,965.7124380354605,1323.4197002620597,1600.3350305402046
91,924.5052736247258,964.881242183181,1322.8953843358172,1599.9295771562229
92,923.5765597053712,964.0504173335096,1322.3713067779697,1599.524287128339
93,922.6481273327217,963.2199638409325,1321.8474674848276,1599.1191603636116
94,921.7199772429622,962.3898820592719,1321.3238663531215,1598.7141967682674
95,920.7921101726497,961.5601723417342,1320.8005032798005,1598.3093962490966
96,919.864526858682,960.7308350408348,1320.2773781613807,1597.9047587131029
97,918.9372280383163,959.9018705084814,1319.7544908945051,1597.5002840675993
98,918.0102144491445,959.073279095918,1319.2318413761327,1597.0959722185585
99,917.0834868290897,958.2450611537029,1318.7094295026845,1596.6918230737906
100,916.157045916417,957.4172170317784,1318.1872551711785,1596.2878365405875
101,915.2308924497113,956.5897470794259,1317.6653182780906,1595.8840125251722
102,914.3050271678778,955.762651645269,1317.1436187203985,1595.4803509356234
103,913.379450810138,954.9359310772581,1316.6221563947233,1595.0768516794544
104,912.4541641160233,954.1095857227131,1316.1009311978023,1594.6735146631513
105,911.5291678253705,953.2836159282583,1315.57994302649,1594.270339795008
106,910.6044626783125,952.4580220399032,1315.0591917774714,1593.8673269819956
107,909.680049415279,951.6328044029644,1314.5386773476366,1593.4644761316085
108,908.7559287769834,950.8079633620835,1314.018399633705,1593.0617871523925
109,907.8321015044321,949.9834992612884,1313.4983585324087,1592.6592599512696
110,906.9085683388982,949.1594124438964,1312.9785539406832,1592.2568944362315
111,905.9853300219299,948.3357032525673,1312.458985755287,1591.8546905149674
112,905.0623872953429,947.5123720293197,1311.9396538731773,1591.4526480956904
113,904.1397409012211,946.6894191154618,1311.4205581909407,1591.0507670860811
114,903.2173915818933,945.8668448516771,1310.9016986057402,1590.649047394816
115,902.2953400799447,945.0446495779461,1310.3830750141765,1590.2474889295395
116,901.3735871382055,944.22283363359,1309.8646873132311,1589.84609159836
117,900.4521334997428,943.4013973572517,1309.3465353996041,1589.4448553096827
118,899.5309799078618,942.5803410869221,1308.8286191704744,1589.0437799718475
119,898.6101271060968,941.7596651598874,1308.3109385224475,1588.642865493438
120,897.6895758381979,940.9393699127791,1307.7934933526965,1588.2421117827728
121,896.7693268481448,940.1194556815399,1307.276283557918,1587.8415187478572
122,895.8493808801195,939.2999228014464,1306.759309035088,1587.4410862982627
123,894.9297386785186,938.4807716070848,1306.2425696811752,1587.040814342217
124,894.010400987936,937.6620024323724,1305.7260653931412,1586.6407027879047
125,893.0913685531609,936.8436156105427,1305.2097960678448,1586.2407515448247
126,892.1726421191788,936.0256114741353,1304.6937616023195,1585.8409605216318
127,891.2542224311533,935.2079903550211,1304.1779618934938,1585.4413296269333
128,890.3361102344315,934.3907525843927,1303.6623968384745,1585.041858770675
129,889.4183062745353,933.5738984927327,1303.1470663341606,1584.6425478606195
130,888.5008112971541,932.7574284098798,1302.6319702774335,1584.2433968068708
131,887.5836260481415,931.9413426649303,1302.1171085655394,1583.844405518203
132,886.6667512735069,931.1256415863445,1301.6024810953213,1583.4455739038444
133,885.750187719414,930.3103255018552,1301.088087763984,1583.0469018732738
134,884.8339361321725,929.4953947385461,1300.5739284684255,1582.6483893359195
135,883.9179972582331,928.6808496227666,1300.0600031057982,1582.250036200658
136,883.0023718441805,927.8666904802051,1299.5463115731397,1581.851842377892
137,882.0870606367312,927.0529176358527,1299.0328537675555,1581.453807776943
138,881.1720643827312,926.2395314139935,1298.519629586027,1581.0559323070768
139,880.2573838291378,925.4265321382297,1298.0066389257886,1580.6582158783121
140,879.3430197230239,924.6139201314561,1297.4938816839535,1580.2606584003486
141,878.4289728115743,923.8016957159009,1296.9813577575953,1579.8632597833937
142,877.5152438420721,922.9898592130512,1296.4690670438547,1579.466019936256
143,876.6018335618978,922.1784109437358,1295.9570094399305,1579.0689387703565
144,875.6887427185259,921.3673512280614,1295.4451848427896,1578.672016194712
145,874.775972059517,920.5566803854458,1294.9335931499388,1578.2752521200919
146,873.8635223325055,919.74639873459,1294.4222342583641,1577.8786464561708
147,872.9513942852109,918.9365065935212,1293.9111080652976,1577.4821991134145
148,872.0395886654126,918.1270042795368,1293.400214467927,1577.085910002154
149,871.1281062209603,917.3178921092399,1292.8895533634952,1576.6897790327484
150,870.2169476997576,916.5091703985443,1292.3791246493859,1576.2938061151708
151,869.306113849763,915.7008394626407,1291.8689282225566,1575.897991160709
152,868.3956054189789,914.8928996160198,1291.358963980392,1575.5023340797761
153,867.4854231554564,914.0853511724649,1290.8492318202298,1575.1068347824676
154,866.5755678072703,913.2781944450539,1290.33973163945,1574.7114931798892
155,865.6660401225379,912.471429746148,1289.830463334997,1574.3163091828023
156,864.7568408493933,911.665057387404,1289.3214268046236,1573.9212827016677
157,863.8479707359947,910.8590776797716,1288.8126219453568,1573.5264136476803
158,862.9394305305093,910.0534909334881,1288.3040486547418,1573.1317019319379
159,862.0312209811175,909.2482974580912,1287.7957068299759,1572.7371474649835
160,861.1233428359956,908.4434975623651,1287.28759636839,1572.3427501583456
161,860.2157968433171,907.6390915544346,1286.7797171675413,1571.9485099234746
162,859.3085837512583,906.8350797416542,1286.2720691246366,1571.554426670712
163,858.4017043079662,906.0314624307275,1285.7646521373008,1571.16050031138
164,857.4951592615746,905.228239927583,1285.2574661027068,1570.7667307578054
165,856.5889493601951,904.4254125374691,1284.750510918536,1570.3731179203705
166,855.6830753518966,903.6229805648984,1284.2437864821243,1569.979661711015
167,854.7775379847276,902.820944313667,1283.7372926909072,1569.5863620413218
168,853.872338006679,902.0193040868708,1283.2310294422707,1569.1932188227902
169,852.967476165699,901.2180601868595,1282.7249966339052,1568.800231967113
170,852.0629532096889,900.4172129152762,1282.2191941632386,1568.4074013859517
171,851.1587698864805,899.6167625730416,1281.7136219279093,1568.0147269905792
172,850.2549269438466,898.8167094603518,1281.2082798250938,1567.6222086940716
173,849.3514251294907,898.0170538766811,1280.7031677527625,1567.2298464073297
174,848.4482651910334,897.2177961207865,1280.1982856082243,1566.8376400427037
175,847.5454478760248,896.4189364906865,1279.6936332891887,1566.4455895122755
176,846.642973931913,895.6204752836813,1279.1892106931919,1566.0536947277405
177,845.7408441060688,894.8224127963636,1278.6850177177796,1565.661955601786
178,844.8390591457548,894.0247493245529,1278.1810542608016,1565.2703720465015
179,843.9376197981317,893.2274851633981,1277.6773202195368,1564.8789439741172
180,843.0365268102535,892.4306206072731,1277.1738154919506,1564.487671296842
181,842.1357809290532,891.634155949856,1276.670539975533,1564.0965539278268
182,841.2353829013491,890.8380914840827,1276.1674935681685,1563.7055917785387
183,840.3353334738267,890.0424275021567,1275.6646761672644,1563.3147847619907
184,839.4356333930464,889.2471642955343,1275.1620876709062,1562.924132790545
185,838.5362834054281,888.452302154984,1274.6597279764092,1562.5336357775468
186,837.6372842572468,887.6578413705104,1274.1575969818662,1562.1432936354695
187,836.7386366946278,886.863782231381,1273.6556945848852,1561.7531062766802
188,835.8403414635495,886.0701250261554,1273.1540206832678,1561.363073614284
189,834.9423993098201,885.276870042635,1272.6525751747135,1560.9731955615132
190,834.0448109790893,884.4840175678901,1272.1513579571151,1560.5834720307623
191,833.1475772168312,883.6915678882792,1271.650368928456,1560.1939029356427
192,832.2506987683439,882.8995212893856,1271.1496079863255,1559.804488189128
193,831.3541763787482,882.1078780560892,1270.6490750287926,1559.4152277043927
194,830.4580107929696,881.3166384725171,1270.1487699535262,1559.0261213944818
195,829.5622027557454,880.525802822058,1269.64869265867,1558.637169173171
196,828.6667530116101,879.7353713873777,1269.148843041779,1558.248370953062
197,827.7716623048943,878.9453444503697,1268.6492210010704,1557.8597266480201
198,826.8769313797213,878.1557222922231,1268.1498264343606,1557.4712361720285
199,825.982560979993,877.3665051933751,1267.650659239839,1557.082899437672
200,825.0885518493924,876.5776934334913,1267.1517193150987,1556.6947163595737
201,824.1949047313781,875.7892872915506,1266.6530065583256,1556.3066868506294
202,823.301620369168,875.0012870457656,1266.1545208675977,1555.9188108247113
203,822.4086995057523,874.2136929735723,1265.6562621408632,1555.5310881958817
204,821.5161428838703,873.4265053517092,1265.1582302760255,1555.143518878067
205,820.6239512460133,872.6397244561447,1264.6604251714489,1554.7561027848242
206,819.7321253344128,871.8533505621292,1264.1628467250844,1554.3688398301538
207,818.8406658910528,871.0673839441461,1263.6654948348582,1553.9817299287502
208,817.9495736576375,870.2818248759233,1263.1683693990608,1553.594772994128
209,817.058849375605,869.4966736304686,1262.6714703158539,1553.2079689410298
210,816.1684937861146,868.7119304800201,1262.1747974831817,1552.821317682758
211,815.2785076300459,867.9275956961021,1261.6783507994394,1552.4348191343752
212,814.3888916479875,867.1436695494456,1261.1821301627015,1552.048473210013
213,813.4996465802319,866.3601523100524,1260.6861354712019,1551.6622798237308
214,812.6107731667776,865.5770442472024,1260.1903666230492,1551.2762388907859
215,811.7222721473133,864.7943456293801,1259.6948235163893,1550.8903503255297
216,810.834144261215,864.0120567243537,1259.1995060499748,1550.5046140419104
217,809.9463902475479,863.2301777991186,1258.7044141215868,1550.119029955677
218,809.0590108450544,862.4487091199348,1258.209547629677,1549.733597980559
219,808.1720067921508,861.6676509523068,1257.7149064726411,1549.3483180317744
220,807.2853788269094,860.8870035609793,1257.2204905487683,1548.9631900241966
221,806.3991276870779,860.1067672099591,1256.7262997563414,1548.578213872514
222,805.5132541100577,859.326942162485,1256.2323339935583,1548.193389492155
223,804.6277588328949,858.5475286810388,1255.7385931591402,1547.808716797881
224,803.7426425922815,857.768527027365,1255.2450771512742,1547.4241957048387
225,802.8579061245555,856.9899374624565,1254.7517858684896,1547.039826127837
226,801.9735501656821,856.2117602465257,1254.2587192091703,1546.6556079828754
227,801.0895754512574,855.4339956390604,1253.7658770717492,1546.2715411847296
228,800.205982716496,854.6566438987516,1253.2732593547032,1545.8876256486537
229,799.3227726962414,853.8797052835814,1252.7808659566576,1545.503861290274
230,798.4399461249363,853.1031800507392,1252.288696775982,1545.1202480248057
231,797.5575037366395,852.3270684566705,1251.7967517110983,1544.736785768168
232,796.6754462650058,851.5513707570706,1251.3050306608532,1544.3534744356334
233,795.7937744432818,850.7760872068595,1250.8135335237482,1543.970313943129
234,794.9124890043145,850.0012180602253,1250.3222601981572,1543.5873042064418
235,794.031590680524,849.2267635705498,1249.8312105828893,1543.2044451407155
236,793.1510802039193,848.4527239905115,1249.340384576594,1542.8217366623016
237,792.2709583060764,847.6790995719841,1248.8497820778275,1542.4391786868773
238,791.3912257181394,846.9058905661143,1248.359402985277,1542.0567711305393
239,790.5118831708187,846.1330972232508,1247.8692471975655,1541.674513908964
240,789.6329313943779,845.3607197930357,1247.3793146135488,1541.2924069390347
241,788.7543711186399,844.5887585242838,1246.889605131913,1540.9104501356592
242,787.8762030729633,843.8172136651176,1246.4001186513801,1540.5286434165284
243,786.9984279862535,843.04608546282,1245.9108550706983,1540.1469866965185
244,786.1210465869528,842.2753741639899,1245.421814288743,1539.7654798930557
245,785.2440596030285,841.5050800143908,1244.9329962041222,1539.3841229215668
246,784.3674677619761,840.735203259087,1244.4444007158656,1539.0029156989326
247,783.4912717908087,839.9657441423403,1243.9560277227279,1538.6218581418864
248,782.6154724160542,839.196702907635,1243.4678771236895,1538.2409501662542
249,781.7400703637452,838.4280797977535,1242.979948817455,1537.8601916893124
250,780.8650663594233,837.659875054645,1242.4922427031443,1537.479582627912
251,779.9904611281231,836.8920889195306,1242.0047586795072,1537.0991228977077
252,779.116255394373,836.1247216328657,1241.5174966455077,1536.718812416902
253,778.2424498821852,835.3577734343176,1241.0304565003228,1536.3386511013832
254,777.3690453150582,834.5912445628107,1240.5436381428544,1535.958638868264
255,776.4960424159624,833.8251352564828,1240.057041471921,1535.5787756344998
256,775.6234419073403,833.059445752732,1239.570666386652,1535.1990613171756
257,774.7512445110995,832.294176288148,1239.0845127862854,1534.8194958337567
258,773.8794509486065,831.5293270985944,1238.5985805696848,1534.4400791005085
259,773.0080619406867,830.7648984191544,1238.112869636112,1534.060811035933
260,772.1370782076069,830.0008904841277,1237.6273798846466,1533.681691556011
261,771.2665004690818,829.2373035270621,1237.142111214277,1533.3027205789317
262,770.396329444271,828.4741377807379,1236.6570635243966,1532.9238980214545
263,769.5265658517524,827.7113934771467,1236.1722367139112,1532.5452238015023
264,768.6572104095469,826.949070847531,1235.6876306822246,1532.1666978363069
265,767.7882638350882,826.1871701223545,1235.20324532855,1531.7883200437784
266,766.9197268452315,825.4256915313194,1234.7190805521032,1531.4100903410804
267,766.0516001562432,824.6646353033557,1234.2351362521113,1531.0320086461088
268,765.183884483798,823.9040016666092,1233.751412328077,1530.6540748767989
269,764.3165805429651,823.1437908484722,1233.267908679032,1530.2762889507183
270,763.4496890482194,822.3840030755478,1232.7846252043942,1529.8986507857844
271,762.5832107134215,821.6246385736986,1232.3015618034824,1529.5211602997722
272,761.7171462518138,820.8656975679808,1231.8187183758082,1529.1438174111108
273,760.8514963760283,820.1071802827116,1231.3360948207817,1528.7666220374972
274,759.9862617980655,819.3490869414134,1230.853691037612,1528.3895740970793
275,759.121443229295,818.5914177668274,1230.3715069259954,1528.0126735077852
276,758.2570413804565,817.8341729809526,1229.8895423852246,1527.6359201882156
277,757.3930569616439,817.0773528050115,1229.4077973148817,1527.2593140565227
278,756.5294906823126,816.3209574594362,1228.9262716144433,1526.8828550309686
279,755.6663432512507,815.5649871638832,1228.4449651833709,1526.5065430299799
280,754.8036153766107,814.8094421372482,1227.9638779212182,1526.13037797199
281,753.9413077658689,814.054322597666,1227.48300972782,1525.7543597753354
282,753.0794211258458,813.2996287624767,1227.0023605024064,1525.3784883589983
283,752.2179561626772,812.5453608482505,1226.5219301447846,1525.0027636412274
284,751.3569135818332,811.7915190707931,1226.0417185547499,1524.62718554094
285,750.4962940880987,811.038103645124,1225.5617256317798,1524.2517539768533
286,749.6360983855682,810.285114785502,1225.0819512755359,1523.876468867561
287,748.7763271776457,809.5325527053967,1224.6023953858562,1523.5013301319907
288,747.9169811670372,808.780417617518,1224.123057862363,1523.1263376892011
289,747.0580610557495,808.0287097337778,1223.6439386048562,1522.751491458048
290,746.199567545078,807.2774292653585,1223.1650375132106,1522.3767913577717
291,745.3415013356039,806.5265764226162,1222.6863544870819,1522.0022373069248
292,744.4838631271934,805.7761514151532,1222.2078894264978,1521.6278292252057
293,743.6266536189908,805.0261544518166,1221.7296422310667,1521.2535670313441
294,742.7698735094082,804.2765857406403,1221.2516128008629,1520.879450645241
295,741.9135234961275,803.5274454888972,1220.7738010357377,1520.505479985828
296,741.0576042760915,802.7787339031076,1220.2962068354163,1520.1316549723872
297,740.2021165454926,802.0304511889724,1219.818830100189,1519.757975524304
298,739.347060999796,801.2825975514697,1219.3416707297176,1519.3844415613116
299,738.492438333685,800.5351731947476,1218.864728624233,1519.0110530027346
300,737.6382492411053,799.7881783222233,1218.3880036835371,1518.6378097684778
301,736.7844944152303,799.0416131364966,1217.9114958078899,1518.2647117780325
302,735.9311745484679,798.2954778394278,1217.4352048971252,1517.891758950983
303,735.0782903324503,797.54977263208,1216.9591308515376,1517.5189512075467
304,734.2258424580341,796.8044977147447,1216.4832735710827,1517.1462884669108
305,733.3738316152844,796.059653286939,1216.0076329559836,1516.77377064976
306,732.5222584934916,795.315239547393,1215.5322089063218,1516.4013976752126
307,731.6711237811428,794.5712566940665,1215.057001322436,1516.0291694638097
308,730.8204281659282,793.8277049241647,1214.5820101044342,1515.6570859354374
309,729.9701723347359,793.0845844340813,1214.1072351524745,1515.2851470102564
310,729.1203569736454,792.3418954194306,1213.632676366974,1514.9133526085693
311,728.2709827679239,791.5996380750937,1213.1583336480076,1514.5417026504817
312,727.4220504020163,790.857812595121,1212.6842068961041,1514.1701970561703
313,726.5735605595503,790.1164191728251,1212.2102960114473,1513.798835745894
314,725.7255139233239,789.3754580007285,1211.7366008943752,1513.4276186405655
315,724.8779111753006,788.6349292705795,1211.2631214452783,1513.05654566034
316,724.0307529966069,787.8948331733393,1210.7898575646975,1512.6856167254596
317,723.1840400675314,787.155169899183,1210.3168091529233,1512.3148317570958
318,722.3377730675045,786.4159396375494,1209.8439761103987,1511.9441906753548
319,721.4919526751135,785.6771425770544,1209.3713583376134,1511.5736934015538
320,720.646579568087,784.93877890556,1208.898955735204,1511.2033398554554
321,719.8016544232937,784.2008488101394,1208.426768203655,1510.8331299588
322,718.9571779167277,783.4633524771166,1207.9547956432973,1510.4630636320287
323,718.113150723522,782.7262900919948,1207.4830379549028,1510.0931407956919
324,717.269573517925,781.9896618395287,1207.011495038993,1509.7233613714939
325,716.4264469733073,781.2534679036899,1206.5401667963256,1509.353725280097
326,715.5837717621516,780.5177084676702,1206.0690531273046,1508.9842324428296
327,714.7415485560559,779.7823837138699,1205.5981539328725,1508.614882780259
328,713.8997780257175,779.0474938239515,1205.1274691135147,1508.2456762138472
329,713.0584608409379,778.3130389787652,1204.65699857015,1507.8766126653916
330,712.2175976706085,777.5790193583834,1204.1867422032415,1507.5076920551578
331,711.3771891827141,776.8454351421271,1203.7166999138835,1507.1389143058059
332,710.5372360443232,776.1122865085017,1203.2468716028109,1506.770279337644
333,709.6977389215917,775.3795736352893,1202.777257170692,1506.4017870724113
334,708.8586984797471,774.6472966994354,1202.3078565185283,1506.0334374319834
335,708.0201153830835,773.9154558771447,1201.838669547056,1505.6652303375424
336,707.1819902949735,773.1840513438385,1201.3696961573419,1505.2971657111138
337,706.344323877845,772.4530832741566,1200.9009362502845,1504.9292434742324
338,705.5071167931824,771.7225518419618,1200.432389726717,1504.5614635485579
339,704.6703697015314,770.9924572203402,1199.9640564876952,1504.1938258557955
340,703.8340832624774,770.2627995816047,1199.4959364342076,1503.8263303179579
341,702.9982581346555,769.5335790972877,1199.028029467468,1503.4589768574313
342,702.1628949757333,768.8047959381513,1198.5603354882214,1503.091765395574
343,701.3279944424246,768.0764502741672,1198.092854397733,1502.724695854351
344,700.4935571904634,767.3485422745482,1197.6255860969961,1502.3577681563388
345,699.6595838746134,766.6210721077109,1197.158530487226,1501.9909822233312
346,698.8260751486584,765.8940399413118,1196.6916874696637,1501.6243379775292
347,697.9930316653983,765.1674459422154,1196.2250569454695,1501.2578353414922
348,697.1604540766521,764.4412902765216,1195.7586388158254,1500.8914742370462
349,696.3283430332415,763.7155731095665,1195.2924329819361,1500.525254587193
350,695.4966991849788,762.9902946058764,1194.8264393449224,1500.1591763137583
351,694.6655231806844,762.2654549292301,1194.3606578064257,1499.7932393392496
352,693.8348156681891,761.5410542426127,1193.8950882675038,1499.4274435864459
353,693.0045772942944,760.8170927082442,1193.4297306296319,1499.0617889782134
354,692.1748087047943,760.0935704875726,1192.9645847940994,1498.696275436639
355,691.3455105444589,759.3704877412656,1192.4996506624138,1498.3309028844355
356,690.5166834570359,758.6478446291928,1192.0349281357921,1497.96567124466
357,689.6883280852483,757.9256413104995,1191.5704171158686,1497.6005804401002
358,688.8604450707815,757.2038779435072,1191.1061175041873,1497.2356303933734
359,688.0330350542924,756.482554685789,1190.6420292020023,1496.8708210274144
360,687.2060986753861,755.7616716941234,1190.1781521110809,1496.5061522651936
361,686.379636572631,755.0412291245332,1189.7144861327997,1496.1416240303072
362,685.5536493835434,754.3212271322734,1189.2510311689407,1495.7772362447888
363,684.7281377445815,753.6016658717863,1188.787787120998,1495.4129888328432
364,683.9031022911518,752.8825454967825,1188.3247538904689,1495.0488817171345
365,683.0785436575884,752.1638661601773,1187.8619313793583,1494.6849148203896
366,682.254462477169,751.4456280141078,1187.3993194890759,1494.3210880667243
367,681.4308593820945,750.727831209952,1186.9369181214356,1493.9574013794925
368,680.6077350034907,750.0104758983073,1186.4747271781537,1493.5938546810235
369,679.7850899714006,749.2935622289992,1186.0127465610528,1493.2304478961414
370,678.962924914787,748.5770903510645,1185.5509761720518,1492.8671809475175
371,678.1412404615266,747.86106041281,1185.0894159127727,1492.5040537590085
372,677.3200372383972,747.1454725617089,1184.628065685138,1492.1410662542144
373,676.4993158710806,746.4303269445052,1184.1669253909674,1491.7782183567897
374,675.6790769841643,745.7156237071761,1183.7059949324805,1491.4155099904174
375,674.8593212011222,745.0013629948928,1183.2452742110943,1491.052941080668
376,674.0400491443224,744.2875449520684,1182.7847631293214,1490.69051154594
377,673.2212614350251,743.5741697223575,1182.3244615888682,1490.3282213154826
378,672.4029586933632,742.8612374486313,1181.864369491639,1489.9660703118843
379,671.5851415383561,742.148748272996,1181.404486740029,1489.6040584585662
380,670.7678105878888,741.4367023367722,1180.9448132357304,1489.2421856797741
381,669.9509664587267,740.7250997805215,1180.485348881122,1488.8804518995144
382,669.1346097664887,740.0139407440208,1180.026093578379,1488.518857042388
383,668.3187411256677,739.3032253663234,1179.5670472294657,1488.1574010322402
384,667.5033611496053,738.5929537856543,1179.1082097366327,1487.796083793225
385,666.6884704505048,737.8831261394832,1178.6495810020224,1487.4349052500334
386,665.874069639412,737.1737425645345,1178.1911609281672,1487.0738653266485
387,665.0601593262288,736.4648031967504,1177.7329494169808,1486.7129639476211
388,664.2467401196784,735.7563081712874,1177.2749463709695,1486.3522010374948
389,663.4338126273476,735.0482576225611,1176.8171516923192,1485.9915765209075
390,662.6213774556406,734.3406516841799,1176.359565283606,1485.631090322515
391,661.809435209793,733.6334904890512,1175.9021870469835,1485.2707423664515
392,660.9979864938682,732.9267741692213,1175.445016884994,1484.9105325777423
393,660.1870319107577,732.2205028560568,1174.9880547001603,1484.5504608811245
394,659.3765720621643,731.514676680102,1174.5313003947836,1484.1905272014474
395,658.5666075485974,730.8092957711442,1174.0747538714495,1483.8307314635056
396,657.7571389693983,730.1043602582376,1173.6184150326208,1483.4710735919248
397,656.9481669226914,729.3998702696156,1173.1622837809398,1483.1115535121448
398,656.1396920054153,728.6958259327837,1172.706360018826,1482.752171148847
399,655.3317148133085,727.9922273744578,1172.2506436490785,1482.3929264272665
400,654.5242359409046,727.2890747205997,1171.79513457427,1482.033819272444
401,653.7172559815176,726.5863680964276,1171.339832697052,1481.6748496096434
402,652.9107755272598,725.8841076263507,1170.8847379200465,1481.3160173639808
403,652.1047951690268,725.1822934340407,1170.4298501461526,1480.9573224602773
404,651.2993154964836,724.4809256424087,1169.975169278042,1480.598764824757
405,650.4943370980802,723.7800043735745,1169.5206952184578,1480.2403443825701
406,649.6898605610415,723.0795297489256,1169.0664278703164,1479.8820610586713
407,648.8858864713472,722.3795018890671,1168.6123671364032,1479.5239147787993
408,648.082415413756,721.6799209138419,1168.158512919473,1479.165905468493
409,647.2794479717825,720.980786942325,1167.704865122654,1478.8080330530427
410,646.4769847276941,720.28210009286,1167.2514236486363,1478.4502974588315
411,645.6750262625139,719.5838604829912,1166.7981884004828,1478.0926986109316
412,644.8735731560228,718.8860682295087,1166.3451592811195,1477.7352364352498
413,644.0726259867345,718.1887234484568,1165.8923361938453,1477.3779108582667
414,643.2721853319183,717.4918262551118,1165.4397190413124,1477.0207218042979
415,642.4722517675741,716.795376763972,1164.9873077267487,1476.6636692004288
416,641.6728258684393,716.0993750888144,1164.5351021534416,1476.3067529721225
417,640.8739082079869,715.4038213425879,1164.083102224137,1475.9499730462169
418,640.0754993584103,714.7087156375669,1163.631307842351,1475.5933293474304
419,639.2775998906332,714.0140580852094,1163.1797189111549,1475.2368218028932
420,638.4802103743045,713.3198487962331,1162.7283353336832,1474.880450338469
421,637.68333137778,712.6260878805747,1162.2771570131263,1474.524214879997
422,636.8869634681357,711.9327754474339,1161.8261838531425,1474.168115354432
423,636.0911072111619,711.2399116052718,1161.3754157565381,1473.8121516876688
424,635.2957631713525,710.5474964617558,1160.9248526270828,1473.4563238059131
425,634.5009319118988,709.8555301237946,1160.474494367901,1473.1006316361704
426,633.7066139946985,709.1640126975726,1160.0243408822707,1472.7450751043912
427,632.912809980354,708.4729442884916,1159.574392073932,1472.3896541373724
428,632.1195204281455,707.7823250012109,1159.1246478461728,1472.0343686616552
429,631.3267458960527,707.0921549396314,1158.6751081025368,1471.679218603776
430,630.534486940737,706.4024342068885,1158.2257727464187,1471.324203890583
431,629.7427441175487,705.7131629053674,1157.7766416814695,1470.9693244486596
432,628.9515179805176,705.0243411367219,1157.3277148113896,1470.6145802043523
433,628.1608090823388,704.3359690018106,1156.8789920394256,1470.2599710853544
434,627.3706179744004,703.6480466007645,1156.4304732694804,1469.90549701803
435,626.5809452067385,702.9605740329441,1155.982158405203,1469.551157929569
436,625.7917913280669,702.2735513970074,1155.5340473501901,1469.1969537469226
437,625.003156885766,701.5869787907864,1155.0861400081865,1468.8428843967515
438,624.2150424258734,700.9008563114185,1154.6384362830863,1468.488949806589
439,623.4274484930768,700.2151840552501,1154.190936078424,1468.1351499033713
440,622.6403756307291,699.5299621179058,1153.7436392981856,1467.7814846141246
441,621.8538243808177,698.845190594257,1153.2965458461965,1467.427953866647
442,621.0677952839912,698.1608695783934,1152.849655626331,1467.0745575876695
443,620.2822888795388,697.4769991636888,1152.4029685425019,1466.721295705047
444,619.497305705383,696.7935794427697,1151.9564844984648,1466.3681681455446
445,618.7128462980943,696.1106105074828,1151.5102033985218,1466.0151748370017
446,617.9289111928729,695.4280924489512,1151.0641251464099,1465.6623157070167
447,617.1455009235467,694.7460253575405,1150.6182496462088,1465.3095906829421
448,616.3626160225765,694.0644093228827,1150.1725768019385,1464.9569996926639
449,615.5802570210456,693.3832444338514,1149.7271065177547,1464.6045426629698
450,614.7984244486597,692.7025307785443,1149.281838697757,1464.2522195228635
451,614.0171188337436,692.022268444374,1148.8367732461757,1463.900030198874
452,613.2363407032371,691.3424575179811,1148.39191006708,1463.5479746200308
453,612.4560905826972,690.6630980852267,1147.9472490646754,1463.196052712888
454,611.6763689962804,689.9841902312746,1147.502790143202,1462.8442644061656
455,610.8971764667665,689.3057340405303,1147.0585332068333,1462.4926096278364
456,610.1185135155149,688.6277295966534,1146.6144781601806,1462.1410883055314
457,609.340380662514,687.9501769825292,1146.1706249072822,1461.789700367197
458,608.5627784263277,687.2730762803706,1145.7269733526127,1461.4384457416181
459,607.7857073241212,686.596427571596,1145.2835234005775,1461.0873243564292
460,607.0091678716576,685.9202309368718,1144.840274955509,1460.7363361398886
461,606.2331605832819,685.244486456174,1144.3972279219768,1460.385481020216
462,605.4576859719277,684.5691942086867,1143.9543822044727,1460.0347589261837
463,604.6827445491137,683.8943542729019,1143.5117377072193,1459.684169785458
464,603.9083368249335,683.2199667265163,1143.069294335173,1459.333713527085
465,603.1344633080676,682.5460316466149,1142.6270519927086,1458.983390078767
466,602.3611245057587,681.8725491092066,1142.1850105843307,1458.6331993695412
467,601.5883209238309,681.1995191900426,1141.7431700149746,1458.283141328186
468,600.816053066678,680.5269419638084,1141.3015301889895,1457.9332158829206
469,600.0443214372463,679.8548175045419,1140.8600910112632,1457.5834229625339
470,599.2731265370651,679.183145885552,1140.418852386495,1457.2337624952258
471,598.5024688662072,678.5119271793922,1139.9778142193124,1456.8842344108616
472,597.7323489233152,677.8411614578849,1139.5369764147674,1456.5348386368441
473,596.9627672055869,677.1708487921387,1139.096338877632,1456.1855751033054
474,596.1937242087586,676.5009892524931,1138.6559015124933,1455.8364437387186
475,595.4252204271338,675.8315829085998,1138.2156642244674,1455.4874444715588
476,594.657256353551,675.1626298293188,1137.775626918386,1455.1385772313952
477,593.8898324794006,674.4941300828214,1137.3357894994012,1454.7898419469896
478,593.1229492946088,673.8260837365397,1136.8961518722795,1454.4412385478645
479,592.3566072876499,673.1584908571779,1136.456713942007,1454.0927669624982
480,591.5908069455252,672.4913515106618,1136.0174756136876,1453.744427120697
481,590.8255487537722,671.8246657622603,1135.5784367925444,1453.3962189517222
482,590.0608331964663,671.1584336764552,1135.1395973835072,1453.0481423842843
483,589.2966607562028,670.492655317029,1134.7009572917284,1452.7001973481883
484,588.5330319141108,669.8273307470206,1134.2625164223705,1452.3523837726398
485,587.7699471498347,669.1624600287512,1133.8242746808137,1452.004701587176
486,587.0074069415525,668.4980432237965,1133.3862319720447,1451.6571507212839
487,586.2454117659506,667.8340803930284,1132.9483882015697,1451.3097311049687
488,585.4839620982304,667.1705715965822,1132.510743274498,1450.962442666901
489,584.7230584121214,666.5075168938683,1132.0732970960532,1450.6152853373633
490,583.9627011798439,665.8449163435578,1131.6360495719741,1450.268259045802
491,583.2028908721486,665.1827700036051,1131.1990006071992,1449.9213637222028
492,582.4436279582712,664.5210779312577,1130.7621501075885,1449.574599296001
493,581.6849129059724,663.8598401830202,1130.3254979782953,1449.227965697694
494,580.9267461814966,663.1990568146762,1129.8890441249926,1448.881462856392
495,580.1691282495995,662.5387278812918,1129.4527884530528,1448.5350907023467
496,579.4120595735317,661.8788534372122,1129.016730868056,1448.188849165725
497,578.6555406150335,661.2194335360439,1128.5808712756907,1447.8427381764236
498,577.8995718343394,660.5604682306978,1128.1452095813452,1447.4967576646427
499,577.14415369018,659.9019575733691,1127.7097456910203,1447.150907560216
500,576.3892866397618,659.2439016154947,1127.2744795100068,1446.805187793586
501,575.6349711387898,658.5863004078114,1126.8394109443132,1446.459598294853
502,574.8812076414447,657.9291540003678,1126.4045398993364,1446.1141389943914
503,574.1279966003892,657.2724624424375,1125.9698662811863,1445.76880982257
504,573.3753384667634,656.6162257826422,1125.5353899956715,1445.423610709453
505,572.623233690186,655.9604440688358,1125.1011109483932,1445.0785415859095
506,571.871682718752,655.305117348176,1124.667029045461,1444.7336023822447
507,571.1206859990241,654.6502456671128,1124.233144192577,1444.3887930287342
508,570.370243976037,653.9958290713416,1123.7994562957442,1444.044113456203
509,569.6203570932962,653.341867605908,1123.3659652608624,1443.6995635954468
510,568.8710257927651,652.6883613151074,1122.9326709941354,1443.3551433766966
511,568.1222505148799,652.035310242507,1122.4995734014522,1443.010852730958
512,567.3740316985331,651.382714431003,1122.066672388904,1442.6666915887176
513,566.6263697810803,650.7305739227438,1121.633967862474,1442.3226598815
514,565.8792651983281,650.0788887591891,1121.2014597285465,1441.978757539431
515,565.1327183845358,649.4276589810761,1120.7691478929887,1441.6349844934787
516,564.386729772435,648.7768846284296,1120.3370322622732,1441.2913406748323
517,563.6412997931927,648.1265657406,1119.905112742352,1440.9478260143799
518,562.8964288764219,647.4767023561756,1119.4733892396819,1440.6044404432555
519,562.1521174501936,646.8272945130859,1119.0418616605034,1440.2611838926232
520,561.4083659410205,646.1783422485075,1118.610529910945,1439.9180562935321
521,560.6651747738556,645.5298455989573,1118.179393897637,1439.5750575770874
522,559.9225443721002,644.881804600223,1117.7484535268873,1439.2321876746114
523,559.1804751575849,644.2342192873755,1117.3177087052018,1438.8894465176736
524,558.4389675505895,643.5870896948022,1116.8871593387641,1438.5468340369857
525,557.6980219698187,642.9404158561802,1116.4568053344572,1438.2043501646258
526,556.9576388324192,642.2941978044921,1116.0266465982356,1437.8619948315284
527,556.2178185539644,641.6484355720127,1115.5966830372602,1437.519767969446
528,555.4785615484652,641.0031291902847,1115.1669145577612,1437.1776695098172
529,554.7398682283506,640.3582786902109,1114.7373410663597,1436.835699383759
530,554.0017390044841,639.7138841019353,1114.3079624697618,1436.4938575240483
531,553.2641742861531,639.0699454549426,1113.8787786746577,1436.152143860923
532,552.5271744810586,638.426462778003,1113.4497895879222,1435.8105583273582
533,551.7907399953353,637.783436099186,1113.0209951160052,1435.4691008543741
534,551.0548712335369,637.140865445878,1112.5923951658476,1435.1277713740465
535,550.31956859862,636.498750844748,1112.16398964437,1434.786569818446
536,549.5848324919773,635.8570923217712,1111.7357784581673,1434.4454961187594
537,548.8506633134039,635.2158899022604,1111.307761514118,1434.1045502078027
538,548.117061461106,634.5751436107823,1110.8799387195943,1433.7637320170202
539,547.3840273317107,633.9348534712501,1110.4523099809167,1433.4230414788422
540,546.6515613202428,633.295019506872,1110.0248752055156,1433.082478524643
541,545.9196638201454,632.6556417401573,1109.5976343001805,1432.7420430873926
542,545.1883352232662,632.0167201929282,1109.170587171981,1432.4017350991767
543,544.4575759198437,631.3782548863114,1108.7437337280696,1432.0615544917946
544,543.7273862985394,630.7402458407603,1108.3170738754689,1431.7215011978471
545,542.9977667464054,630.1026930760095,1107.8906075214813,1431.381575149317
546,542.2687176488921,629.4655966111495,1107.4643345729753,1431.041776279013
547,541.5402393898516,628.8289564645149,1107.0382549376106,1430.7021045191213
548,540.812332351536,628.1927726538127,1106.6123685220957,1430.362559802374
549,540.0849969145888,627.5570451960459,1106.18667523424,1430.0231420608995
550,539.3582334580483,626.9217741075254,1105.7611749809014,1429.6838512276272
551,538.632042359345,626.2869594038739,1105.3358676697264,1429.344687234891
552,537.9064239942943,625.6526011000399,1104.9107532079227,1429.0056500152527
553,537.1813787371166,625.0186992102742,1104.4858315030774,1428.6667395015315
554,536.4569069604036,624.385253748158,1104.0611024623324,1428.3279556270404
555,535.7330090351461,623.7522647266039,1103.636565993521,1427.9892983236984
556,535.0096853307159,623.119732157787,1103.2122220038254,1427.6507675250173
557,534.2869362148592,622.4876560532794,1102.7880704011102,1427.3123631636436
558,533.5647620537243,621.8560364238936,1102.3641110925957,1426.974085172209
559,532.843163211827,621.2248732798375,1101.9403439861837,1426.6359334843678
560,532.1221400520633,620.5941666305803,1101.5167689893285,1426.2979080321145
561,531.4016929357149,619.9639164849416,1101.093386009964,1425.9600087495855
562,530.681822222429,619.3341228510615,1100.6701949554742,1425.6222355695174
563,529.9625282702461,618.7047857364032,1100.247195733718,1425.28458842512
564,529.2438114355677,618.0759051477612,1099.8243882526226,1424.9470672493444
565,528.5256720731734,617.447481091237,1099.40177241987,1424.6096719755915
566,527.8081105362196,616.8195135722531,1098.9793481432032,1424.2724025375132
567,527.0911271762191,616.1920025956006,1098.557115330742,1423.9352588679085
568,526.3747223430744,615.5649481653459,1098.1350738900505,1423.5982409003532
569,525.6588963850461,614.9383502849332,1097.7132237295752,1423.2613485686495
570,524.9436496487617,614.312208957085,1097.2915647568002,1422.924581805706
571,524.2289824792144,613.6865241838839,1096.8700968799867,1422.5879405455144
572,523.5148952197655,613.0612959667499,1096.4488200071503,1422.2514247214754
573,522.8013882121497,612.4365243064096,1096.0277340464677,1421.9150342672156
574,522.0884617964439,611.8122092029475,1095.6068389057666,1421.5787691165665
575,521.3761163111062,611.1883506557599,1095.1861344933423,1421.242629203075
576,520.6643520929449,610.5649486635723,1094.7656207176503,1420.9066144602057
577,519.9531694771349,609.942003224482,1094.3452974864877,1420.570724822505
578,519.2425687972056,609.3195143358596,1093.9251647083204,1420.234960223069
579,518.5325503850449,608.6974819944694,1093.5052222912655,1419.8993205966267
580,517.8231145709003,608.0759061963979,1093.0854701439027,1419.5638058761908
581,517.1142616833702,607.4547869370504,1092.6659081743549,1419.228415996384
582,516.4059920494105,606.8341242111853,1092.2465362910061,1418.8931508909295
583,515.6983059943357,606.2139180128825,1091.8273544024992,1418.5580104943642
584,514.991203841804,605.5941683355859,1091.408362417118,1418.2229947406095
585,514.2846859138381,604.9748751720629,1090.989560243305,1417.888103563524
586,513.5787525307956,604.3560385144451,1090.570947789761,1417.5533368974916
587,512.8734040113995,603.7376583541743,1090.1525249647202,1417.218694676813
588,512.1686406727149,603.1197346820479,1089.7342916771945,1416.8841768357593
589,511.46446283016303,602.5022674882177,1089.3162478354184,1416.5497833088277
590,510.7608707974946,601.8852567621725,1088.8983933481943,1416.2155140304667
591,510.0578648868318,601.2687024927459,1088.4807281242704,1415.8813689347696
592,509.3554454086184,600.6526046681031,1088.0632520723414,1415.5473479566274
593,508.65361267166577,600.036963275805,1087.6459651012524,1415.213451030039
594,507.95236698311487,599.421778302685,1087.228867119592,1414.8796780900855
595,507.2517086484579,598.8070497349854,1086.8119580362988,1414.5460290711837
596,506.5516379715218,598.1927775582853,1086.3952377602602,1414.2125039080115
597,505.8521552544896,597.5789617574987,1085.9787062002026,1413.8791025357477
598,505.153260797872,596.9656023168955,1085.562363265207,1413.5458248881137
599,504.4549549005226,596.3526992201014,1085.1462088644,1413.2126709010115
600,503.75723785965306,595.7402524501094,1084.7302429063361,1412.8796405085923
601,503.0601099707819,595.1282619892265,1084.3144653004356,1412.5467336463726
602,502.36357152779965,594.5167278191536,1083.898875955753,1412.213950248404
603,501.6676228229144,593.9056499209382,1083.483474781076,1411.8812902500629
604,500.97226414667716,593.2950282749669,1083.0682616857487,1411.548753586689
605,500.27749578797193,592.6848628609998,1082.6532365790576,1411.21634019327
606,499.5833180340326,592.0751536581233,1082.2383993699143,1410.8840500047568
607,498.8897311704154,591.4659006448408,1081.8237499676873,1410.5518829562773
608,498.1967354810174,590.8571037989568,1081.4092882817836,1410.2198389829282
609,497.5043312480616,590.2487630976793,1080.9950142212392,1409.8879180203212
610,496.81251875211956,589.640878517542,1080.5809276957455,1409.5561200034076
611,496.12129827209196,589.0334500344495,1080.1670286142094,1409.2244448676738
612,495.43067008520734,588.4264776237083,1079.7533168865057,1408.8928925485138
613,494.7406344670205,587.8199612599178,1079.3397924219253,1408.5614629815555
614,494.05119169143904,587.2139009171055,1078.9264551298008,1408.2301561018157
615,493.36234203068375,586.6082965686219,1078.513304919703,1407.898971845346
616,492.6740857553216,586.0031481872061,1078.10034170124,1407.5679101470332
617,491.9864231342308,585.3984557449573,1077.687565384059,1407.2369709428172
618,491.29935443463387,584.7942192133517,1077.2749758775262,1406.9061541691135
619,490.6128799220876,584.1904385631951,1076.8625730916688,1406.5754597600692
620,489.92699986046887,583.5871137647209,1076.4503569358214,1406.2448876528088
621,489.2417145119789,582.9842447874998,1076.0383273199727,1405.9144377819166
622,488.55702413715926,582.3818316004679,1075.6264841536279,1405.5841100843809
623,487.872928994881,581.7798741719491,1075.2148273466341,1405.2539044954947
624,487.18942934233814,581.1783724696218,1074.8033568089743,1404.9238209512716
625,486.5065254350418,580.57732646057,1074.3920724502498,1404.5938593874378
626,485.82421752685036,579.9767361112015,1073.9809741806087,1404.2640197401765
627,485.1425058699392,579.3766013873612,1073.5700619099205,1403.9343019456114
628,484.4613907148139,578.7769222542229,1073.1593355480834,1403.6047059395205
629,483.78087231030236,578.1776986763587,1072.7487950051295,1403.2752316584408
630,483.10095090356685,577.5789306176991,1072.338440191016,1402.9458790385845
631,482.42162674008296,576.980618041589,1071.9282710158316,1402.6166480155293
632,481.7429000636655,576.3827609107134,1071.5182873897954,1402.2875385261832
633,481.0647711164511,575.7853591871624,1071.108489222949,1401.9585505068048
634,480.3872401388994,575.188412832413,1070.6988764253585,1401.6296838933395
635,479.710307369794,574.591921807275,1070.2894489074288,1401.3009386222077
636,479.03397304625764,573.9958860720049,1069.880206579382,1400.9723146303002
637,478.35823740371734,573.4003055862229,1069.4711493513632,1400.643811853626
638,477.68310067594143,572.8051803089147,1069.062277133748,1400.3154302292364
639,477.0085630950166,572.2105101984666,1068.6535898368334,1399.987169693261
640,476.3346248913606,571.6162952126326,1068.2450873710418,1399.6590301820538
641,475.6612862937029,571.0225353085943,1067.836769646823,1399.3310116330097
642,474.9885475291144,570.4292304428898,1067.4286365744388,1399.0031139826012
643,474.316408822976,569.8363805714657,1067.0206880646926,1398.6753371672353
644,473.64487039900837,569.2439856496126,1066.6129240279938,1398.3476811238286
645,472.9739324792413,568.6520456320793,1066.2053443746702,1398.0201457894802
646,472.30359528404756,568.0605604729597,1065.7979490154858,1397.6927311006684
647,471.6338590321038,567.4695301257725,1065.390737861119,1397.365436994608
648,470.9647239404203,566.8789545433801,1064.983710822062,1397.0382634079333
649,470.29619022434326,566.2888336781016,1064.5768678093436,1396.7112102779945
650,469.6282580975312,565.6991674815988,1064.1702087331823,1396.3842775415385
651,468.9609277719667,565.1099559049658,1063.7637335047486,1396.05746513607
652,468.2941994579628,564.5211988986721,1063.3574420347122,1395.7307729978938
653,467.62807336416245,563.932896412598,1062.9513342339646,1395.4042010649127
654,466.9625496975184,563.3450483960085,1062.5454100131067,1395.0777492744085
655,466.29762866332976,562.7576547975978,1062.1396692833753,1394.7514175633025
656,465.63331046519943,562.1707155654237,1061.7341119555058,1394.4252058690074
657,464.96959530506547,561.5842306469649,1061.3287379406604,1394.099114128555
658,464.3064833832011,560.9981999891004,1060.923547149608,1393.7731422797547
659,463.6439748981918,560.4126235381204,1060.5185394936407,1393.4472902600737
660,462.982070046957,559.827501239695,1060.1137148836585,1393.1215580063163
661,462.32076902473455,559.242833038923,1059.7090732308804,1392.7959454566178
662,461.6600720251042,558.6586188803142,1059.3046144463328,1392.4704525484813
663,460.99997923995625,558.0748587077671,1058.9003384412606,1392.145079219343
664,460.3404908595187,557.491552464578,1058.4962451269212,1391.8198254070637
665,459.6816070723405,556.9087000934937,1058.0923344145838,1391.4946910486651
666,459.02332806530103,556.3263015366153,1057.6886062155254,1391.1696760827085
667,458.36565402361,555.744356735516,1057.285060440935,1390.8447804468574
668,457.7085851307977,555.1628656311223,1056.8816970024204,1390.5200040781463
669,457.05212156874177,554.5818281638115,1056.4785158111877,1390.1953469151838
670,456.39626351762104,554.001244273375,1056.0755167786583,1389.8708088953958
671,455.74101115596386,553.4211138989808,1055.672699816366,1389.5463899572444
672,455.08636466063217,552.8414369792538,1055.270064835851,1389.2220900385432
673,454.43232420678896,552.2622134522144,1054.867611748559,1388.8979090767625
674,453.7788899679663,551.6834432552973,1054.4653404661497,1388.573847010659
675,453.1260621159977,551.105126325376,1054.0632509001846,1388.249903777821
676,452.47384082106237,550.5272625987029,1053.6613429623364,1387.9260793171243
677,451.8222262516638,549.9498520110001,1053.2596165641783,1387.6023735656986
678,451.1712185746453,549.3728944973816,1052.8580716175989,1387.2787864625566
679,450.52081795517825,548.7963899923748,1052.4567080341826,1386.9553179454979
680,449.87102455676313,548.2203384299521,1052.055525725726,1386.6319679533467
681,449.2218385412457,547.6447397434888,1051.6545246041278,1386.3087364243058
682,448.57326006879725,547.0695938658132,1051.2537045813992,1385.9856232964653
683,447.9252892979159,546.4949007291245,1050.8530655690329,1385.6626285087018
684,447.277926385455,545.9206602651279,1050.4526074793541,1385.339751999236
685,446.6311714865885,545.3468724048885,1050.0523302239642,1385.0169937064827
686,445.9850247548293,544.7735370789228,1049.652233715087,1384.6943535690243
687,445.3394863420276,544.2006542171819,1049.2523178647398,1384.3718315259605
688,444.69455639837633,543.6282237490229,1048.852582584943,1384.049427515161
689,444.0502350724016,543.056245603281,1048.4530277877138,1383.727141475816
690,443.40652251096503,542.4847197081654,1048.0536533853801,1383.4049733464612
691,442.7634188592674,541.9136459913509,1047.6544592900634,1383.0829230661088
692,442.120924260862,541.3430243799605,1047.2554454137778,1382.7609905734014
693,441.4790388576232,540.7728548005175,1046.8566116690556,1382.4391758071738
694,440.83776278978326,540.2031371789842,1046.4579579680117,1382.1174787067507
695,440.19709619590617,539.633871440785,1046.0594842229643,1381.7958992102258
696,439.55703921290433,539.0650575107602,1045.6611903463343,1381.4744372572814
697,438.91759197602664,538.496695313213,1045.263076250329,1381.1530927864055
698,438.278754618872,537.9287847718413,1044.865141847671,1380.8318657368486
699,437.6405272733821,537.3613258098151,1044.4673870505615,1380.5107560482954
700,437.0029100698432,536.7943183497528,1044.0698117716076,1380.189763659238
701,436.365903136887,536.2277623136968,1043.672415923207,1379.8688885089268
702,435.7295066014931,535.6616576231218,1043.2751994182674,1379.5481305367982
703,435.09372058898657,535.0960041989681,1042.8781621689657,1379.227489682187
704,434.45854522304285,534.5308019616364,1042.4813040881975,1378.9069658840763
705,433.8239806256872,533.9660508309203,1042.0846250884344,1378.5865590816115
706,433.190026917297,533.4017507261133,1041.6881250827666,1378.2662692149897
707,432.5566842165945,532.8379015659145,1041.2918039835454,1377.9460962231888
708,431.9239526406586,532.274503268502,1040.895661703531,1377.6260400453714
709,431.29183230491617,531.711555751466,1040.4996981558877,1377.3061006219973
710,430.6603233231465,531.1490589319292,1040.1039132531514,1376.986277891499
711,430.02942580749277,530.5870127263538,1039.7083069083608,1376.6665717938795
712,429.3991398684434,530.0254170507426,1039.312879034445,1376.3469822693203
713,428.7694656148508,529.4642718205114,1038.9176295442173,1376.027509256532
714,428.1404031539157,528.9035769505344,1038.5225583508932,1375.7081526960678
715,427.51195259119754,528.3433323551474,1038.127665367263,1375.3889125272906
716,426.884114030624,527.7835379481339,1037.7329505065193,1375.0697886902863
717,426.25688757447256,527.2241936427522,1037.3384136817378,1374.7507811244964
718,425.6302733233895,526.6652993516834,1036.9440548060854,1374.4318897698267
719,425.0042713763671,526.1068549870952,1036.5498737927148,1374.1131145666432
720,424.37888183078303,525.5488604606305,1036.1558705547657,1373.7944554543863
721,423.75410478236427,524.9913156833643,1035.7620450056734,1373.4759123732383
722,423.1299403252001,524.4342205658259,1035.3683970583393,1373.1574852635476
723,422.50638855175566,523.8775750180394,1034.9749266264812,1372.8391740652985
724,421.88344955285334,523.3213789494735,1034.5816336232815,1372.520978718112
725,421.2611234176893,522.7656322690593,1034.1885179620087,1372.2028991628954
726,420.63941023382495,522.2103348851902,1033.7955795563346,1371.8849353393255
727,420.0183100871925,521.6554867057566,1033.4028183194912,1371.5670871875811
728,419.39782306209804,521.1010876380669,1033.0102341651152,1371.2493546482744
729,418.7779492412144,520.5471375889485,1032.6178270066134,1370.9317376619113
730,418.1586887055962,519.9936364646667,1032.2255967577926,1370.6142361680872
731,417.5400415346576,519.4405841709627,1031.833543331918,1370.2968501082394
732,416.9220078061999,518.8879806130578,1031.4416666426546,1369.9795794217462
733,416.30458759639873,518.3358256956285,1031.0499666040612,1369.6624240495871
734,415.6877809798061,517.7841193228305,1030.6584431294486,1369.3453839328854
735,415.07158802935146,517.2328613983248,1030.2670961328388,1369.028459011297
736,414.45600881634664,516.6820518251925,1029.875925527706,1368.7116492257574
737,413.84104341048555,516.1316905060269,1029.484931228133,1368.3949545168368
738,413.2266918798391,515.5817773429042,1029.0941131477612,1368.0783748252802
739,412.61295429086726,515.0323122373525,1028.7034712007312,1367.7619100919935
740,411.9998307084138,514.4832950903879,1028.313005300745,1367.4455602572611
741,411.38732119569704,513.9347258025234,1027.9227153617935,1367.1293252629016
742,410.77542581434955,513.3866042737195,1027.5326012979478,1366.8132050487004
743,410.1641446243607,512.8389304034481,1027.1426630232536,1366.497199555725
744,409.553477684133,512.2917040906764,1026.7529004517341,1366.1813087252326
745,408.9434250504444,511.7449252338081,1026.363313497284,1365.8655324980946
746,408.33398677847777,511.19859373074814,1025.9739020744987,1365.5498708150703
747,407.7251629218051,510.65270947890417,1025.584666097222,1365.2343236176703
748,407.1169535323811,510.1072723751852,1025.1956054796858,1364.9188908467295
749,406.509358660579,509.56228231593855,1024.8067201360982,1364.6035724432718
750,405.90237835515063,509.0177391970444,1024.4180099809494,1364.288368348754
751,405.2960126632572,508.47364291382996,1024.029474928393,1363.9732785037154
752,404.6902616304583,507.92999336114735,1023.6411148927607,1363.658302850537
753,404.08512530071175,507.3867904333474,1023.2529297886699,1363.343441329251
754,403.4806037163762,506.844034024228,1022.8649195302917,1363.0286938820418
755,402.87669691822384,506.30172402712174,1022.4770840322908,1362.7140604495612
756,402.2734049454291,505.75986033484946,1022.0894232088831,1362.3995409740623
757,401.6707278355648,505.2184428397213,1021.7019369748823,1362.0851353965609
758,401.0686656246237,504.67747143352767,1021.3146252446522,1361.7708436585299
759,400.467218347002,504.13694600757094,1020.9274879329487,1361.4566657013265
760,399.86638603551,503.596866452669,1020.5405249543821,1361.1426014664812
761,399.2661687213749,503.0572326591141,1020.1537362236465,1360.8286508959977
762,398.66656643422084,502.5180445166952,1019.7671216551882,1360.5148139314733
763,398.067579202115,501.97930191472096,1019.3806811642582,1360.2010905141171
764,397.46920705151774,501.4410047420131,1018.9944146652404,1359.8874805864443
765,396.8714500073211,500.9031528868477,1018.6083220731102,1359.5739840891679
766,396.2743080928283,500.36574623704246,1018.2224033027053,1359.2606009648705
767,395.67778132977924,499.82878467992623,1017.8366582689373,1358.9473311548797
768,395.0818697383231,499.29226810232626,1017.4510868866766,1358.6341746012831
769,394.48657333703454,498.7561963905571,1017.0656890708699,1358.3211312463209
770,393.8918921429233,498.2205694304548,1016.6804647366321,1358.0082010315537
771,393.29782617141495,497.6853871073531,1016.2954137989409,1357.6953838990298
772,392.7043754363774,497.1506493061363,1015.9105361729482,1357.3826797909362
773,392.1115399501066,496.6163559111576,1015.5258317735559,1357.0700886490777
774,391.51931972332454,496.08250680629885,1015.1413005160521,1356.7576104154318
775,390.9277147651874,495.54910187494215,1014.756942315684,1356.4452450324156
776,390.33672508329573,495.01614099998505,1014.372757087662,1356.1329924423526
777,389.7463506836789,494.4836240638681,1013.9887447470553,1355.8208525874502
778,389.1565915708102,493.95155094852066,1013.6049052093101,1355.50882540979
779,388.5674477476073,493.41992153537717,1013.2212383897327,1355.1969108516357
780,387.9789192154142,492.88873570542546,1012.8377442035871,1354.885108855406
781,387.39100597403603,492.3579933391509,1012.4544225664108,1354.5734193634378
782,386.80370802171706,491.8276943165556,1012.0712733936004,1354.261842317919
783,386.2170253551542,491.2978385171741,1011.6882966006144,1353.950377662068
784,385.63095796947323,490.76842582004747,1011.305492102869,1353.6390253375803
785,385.04550585827883,490.239456103767,1010.9228598160541,1353.3277852868819
786,384.46066901361223,489.7109292463997,1010.5403996558193,1353.0166574533985
787,383.87644742596467,489.18284512558625,1010.1581115374559,1352.705641779062
788,383.292841084296,488.6552036184835,1009.7759953769466,1352.394738206779
789,382.70984997600976,488.12800460173617,1009.3940510897089,1352.0839466790976
790,382.1274740869851,487.60124795156094,1009.0122785917424,1351.7732671389795
791,381.54571340154416,487.0749335436792,1008.6306777984826,1351.4626995290137
792,380.964567902485,486.54906125334355,1008.2492486261558,1351.1522437916667
793,380.384037571067,486.0236309553686,1007.8679909902119,1350.8418998704028
794,379.8041223870125,485.49864252404063,1007.4869048065809,1350.5316677077396
795,379.2248223285162,484.9740958332318,1007.105989991459,1350.221547246647
796,378.646137372235,484.44999075632836,1006.7252464603723,1349.9115384299532
797,378.06806749330576,483.9263271662378,1006.3446741295297,1349.601641200681
798,377.4906126653352,483.4031049354155,1005.9642729149919,1349.2918555019967
799,376.9137728604053,482.8803239358451,1005.5840427326664,1348.9821812769592
800,376.33754804908085,482.35798403908325,1005.2039834987308,1348.67261846906
801,375.7619382003934,481.8360851161701,1004.8240951292066,1348.3631670202788
802,375.18694328186916,481.3146270377183,1004.4443775403834,1348.053826875008
803,374.6125632595042,480.7936096738779,1004.0648306485016,1347.7445979755503
804,374.03879809778573,480.2730328943185,1003.6854543694415,1347.4354802660578
805,373.4656477596857,479.75289656828977,1003.3062486198701,1347.1264736891558
806,372.89311220667014,479.23320056454827,1002.9272133159841,1346.8175781881905
807,372.3211913986879,478.71394475142165,1002.548348373937,1346.5087937069718
808,371.74988529417965,478.19512899676715,1002.1696537102414,1346.2001201886055
809,371.17919385008645,477.67675316797727,1001.7911292414728,1345.8915575763704
810,370.6091170218374,477.1588171320195,1001.4127748838389,1345.583105813978
811,370.0396547633693,476.64132075539624,1001.0345905538079,1345.2747648450268
812,369.47080702711355,476.12426390415044,1000.6565761681131,1344.9665346129989
813,368.90257376399313,475.60764644388496,1000.2787316430165,1344.6584150612453
814,368.3349549234522,475.09146823976266,999.9010568953561,1344.3504061335661
815,367.7679504534233,474.5757291564637,999.523551841811,1344.0425077739208
816,367.2015603003704,474.0604290582701,999.1462163988003,1343.7347199255842
817,366.6357844092379,473.54556780895996,998.7690504832112,1343.427042532835
818,366.0706227235096,473.03114527191497,998.3920540115646,1343.1194755384117
819,365.50607518515517,472.51716131005537,998.0152269009532,1342.8120188874814
820,364.94214173468254,472.00361578587103,997.6385690679981,1342.5046725231164
821,364.3788223111053,471.4905085613789,997.2620804295802,1342.197436388817
822,363.816116851963,470.9778394981686,996.8857609025235,1341.8903104296605
823,363.2540252933077,470.46560845741146,996.5096104038073,1341.5832945888976
824,362.692547569726,469.9538152998025,996.1336288503519,1341.2763888102377
825,362.1316836143278,469.4424598856235,995.7578161592332,1340.9695930381013
826,361.57143335874684,468.93154207472276,995.3821722473688,1340.6629072167843
827,361.0117967331355,468.4210617264887,995.0066970318214,1340.3563312904544
828,360.4527736662078,467.9110186999012,994.6313904298113,1340.0498652023284
829,359.89436408518645,467.40141285348113,994.2562523583927,1339.7435088980146
830,359.3365679158401,466.89224404532547,993.8812827347754,1339.4372623204624
831,358.7793850824669,466.3835121330965,993.506481476106,1339.1311254147504
832,358.2228155079172,465.87521697403554,993.131848499685,1338.8250981247288
833,357.6668591135792,465.3673584249527,992.7573837226478,1338.519180395208
834,357.11151581937975,464.859936342212,992.3830870625911,1338.2133721700593
835,356.55678554380825,464.3529505817646,992.0089584366397,1337.9076733938614
836,356.00266820387264,463.8464009991151,991.6349977622692,1337.6020840110582
837,355.4491637151666,463.34028744937837,991.2612049568997,1337.2966039662724
838,354.8962719918136,462.8346097871888,990.8875799379944,1336.9912332036915
839,354.343992946501,462.3293678668151,990.5141226231608,1336.6859716685212
840,353.79232649046503,461.8245615420642,990.140832929636,1336.3808193049904
841,353.24127253352185,461.32019066632574,989.7677107752188,1336.0757760574816
842,352.69083098402575,460.81625509257856,989.3947560775432,1335.7708418707948
843,352.1410017489038,460.3127546733567,989.0219687541814,1335.4660166902074
844,351.5917847336541,459.809689260823,988.6493487228493,1335.1613004594165
845,351.04317984233444,459.307058706672,988.2768959010966,1334.8566931239916
846,350.4951869775816,458.804862862203,987.9046102069301,1334.5521946285132
847,349.9478060405927,458.30310157828717,987.5324915579827,1334.2478049182887
848,349.40103693115543,457.8017747054066,987.160539872029,1333.9435239373583
849,348.85487954762084,457.30088209358746,986.788755067093,1333.6393516313342
850,348.3093337869336,456.8004235924657,986.417137061135,1333.335287944281
851,347.76439954460034,456.3003990512691,986.0456857717347,1333.0313328226794
852,347.2200767147251,455.80080831880514,985.6744011172441,1332.7274862103313
853,346.67636518999893,455.301651243479,985.30328301532,1332.4237480526074
854,346.1332648616942,454.80292767326137,984.9323313843909,1332.1201182947552
855,345.5907756196709,454.3046374557314,984.5615461422942,1331.8165968821581
856,345.04889735239976,453.8067804380794,984.1909272071159,1331.513183759508
857,344.5076299469313,453.30935646705825,983.8204744970824,1331.2098788722228
858,343.96697328890923,452.81236538901294,983.450187930456,1330.9066821652941
859,343.4269272625911,452.3158070499071,983.0800674253287,1330.6035935847153
860,342.8874917508274,451.8196812952842,982.7101129000357,1330.3006130752215
861,342.3486666350818,451.3239879702844,982.3403242729485,1329.997740582261
862,341.8104517954039,450.8287269196569,981.9707014621602,1329.6949760517118
863,341.27284711048173,450.3338979877558,981.6012443863247,1329.392319428186
864,340.73585245758886,449.83950101849587,981.2319529634972,1329.0897706578676
865,340.19946771262494,449.34553585543836,980.8628271125062,1328.787329685667
866,339.6636927501045,448.8520023416954,980.4938667516844,1328.4849964577868
867,339.12852744316183,448.35890032004795,980.1250717994053,1328.1827709191457
868,338.5939716635412,447.8662296328291,979.7564421744892,1327.8806530156835
869,338.0600252816264,447.3739901219951,979.387977795164,1327.5786426934683
870,337.526688166417,446.88218162908424,979.019678580421,1327.2767398973049
871,336.9939601855376,446.39080399529894,978.6515444487643,1326.9749445735754
872,336.4618412052473,445.89985706138623,978.2835753187253,1326.6732566679455
873,335.93033109044063,445.4093406677425,977.9157711093949,1326.3716761256674
874,335.3994297046381,444.91925465432814,977.5481317392646,1326.0702028935566
875,334.8691369100079,444.4295988607703,977.1806571271709,1325.768836916591
876,334.33945256734273,443.94037312629234,976.8133471919834,1325.4675781410415
877,333.81037653610633,443.4515772896866,976.4462018527054,1325.166426512737
878,333.2819086743675,442.9632111894082,976.0792210281595,1324.8653819779593
879,332.7540488388745,442.47527466349493,975.7124046372019,1324.564444482272
880,332.2267968850115,441.9877675496423,975.3457525989227,1324.2636139722285
881,331.70015266681366,441.500689685098,974.9792648323421,1323.962890393423
882,331.1741160369736,441.0140409067899,974.6129412563987,1323.662273692421
883,330.64868684683825,440.5278210512306,974.246781790378,1323.3617638148062
884,330.1238649464185,440.0420299545476,973.8807863532768,1323.061360707155
885,329.5996501843831,439.5566674524871,973.5149548643301,1322.7610643156295
886,329.0760424080629,439.07173338046346,973.1492872428028,1322.4608745862558
887,328.5530414634552,438.58722757345527,972.7837834076674,1322.1607914660458
888,328.03064719523354,438.10314986607705,972.4184432785576,1321.8608149007423
889,327.5088594467386,437.6195000925836,972.0532667745001,1321.5609448365162
890,326.98767805997136,437.1362780868576,971.688253814971,1321.2611812202488
891,326.4671028756395,436.6534836823855,971.3234043193643,1320.961523998118
892,325.9471337331047,436.1711167122828,970.9587182071023,1320.661973116441
893,325.4277704704173,435.68917700931706,970.5941953977333,1320.3625285222497
894,324.9090129243141,435.20766440586885,970.2298358105222,1320.06319016187
895,324.39086093021024,434.7265787339254,969.8656393650667,1319.7639579817687
896,323.87331432222936,434.2459198251604,969.5016059811,1319.46483192798
897,323.35637293315676,433.7656875108278,969.1377355779518,1319.1658119484007
898,322.8400365945008,433.2858816218354,968.7740280755077,1318.8668979890692
899,322.3243051364452,432.80650198872604,968.410483393357,1318.5680899961692
900,321.8091783878872,432.3275484416638,968.0471014512007,1318.2693879171716
901,321.2946561764154,431.8490208104404,967.6838821688175,1317.9707916991147
902,320.78073832832524,431.3709189245401,967.3208254659514,1317.672301287748
903,320.2674246686256,430.89324261302386,966.9579312623898,1317.3739166306927
904,319.7547150210312,430.4159917046127,966.5951994782538,1317.0756376748327
905,319.24260920796155,429.9391660276681,966.2326300329541,1316.7774643669293
906,318.7311070505564,429.4627654101903,965.870222846761,1316.479396654158
907,318.22020836867455,428.9867896797998,965.5079778397535,1316.1814344829804
908,317.7099129808944,428.5112386638109,965.1458949315106,1315.8835778011512
909,317.20022070451023,428.0361121891226,964.7839740423619,1315.5858265548434
910,316.6911313555431,427.5614100823318,964.4222150924493,1315.2881806920814
911,316.1826447487467,427.08713216962906,964.0606180016196,1314.9906401593253
912,315.67476069759914,426.61327827689024,963.6991826902636,1314.6932049043185
913,315.1674790143122,426.1398482296106,963.3379090784729,1314.395874873799
914,314.6607995098384,425.6668418529598,962.9767970863629,1314.098650015209
915,314.1547219938584,425.1942589717248,962.6158466343802,1313.8015302758638
916,313.64924627480036,424.72209941035544,962.2550576427745,1313.5045156029119
917,313.1443721598348,424.25036299298836,961.8944300316134,1313.207605943648
918,312.6400994548717,423.77904954336736,961.5339637216046,1312.9108012455226
919,312.13642796457293,423.30815888487746,961.1736586330508,1312.6141014563868
920,311.6333574923592,422.83769084059963,960.8135146862785,1312.3175065228104
921,311.1308878403938,422.36764523324814,960.4535318019421,1312.021016393226
922,310.6290188096009,421.8980218851973,960.0937099003972,1311.7246310147602
923,310.12775019965716,421.42882061846467,959.734048902121,1311.428350334697
924,309.62708180900404,420.96004125476406,959.3745487279191,1311.1321743007256
925,309.12701343486265,420.4916836154089,959.0152092981953,1310.8361028606812
926,308.62754487320535,420.02374752140895,958.656030533786,1310.5401359619696
927,308.1286759187774,419.55623279342603,958.2970123553359,1310.2442735524094
928,307.63040636507594,419.08913925179945,957.9381546834964,1309.9485155799698
929,307.1327360044056,418.6224667165193,957.5794574390479,1309.6528619918909
930,306.6356646278293,418.1562150072102,957.2209205428826,1309.357312736123
931,306.139192025199,417.6903839431916,956.8625439156986,1309.0618677610373
932,305.6433179851472,417.2249733434603,956.5043274785219,1308.7665270137175
933,305.1480422950872,416.75998302664516,956.1462711519712,1308.471290442523
934,304.6533647412198,416.2954128110621,955.7883748574122,1308.176157995094
935,304.15928510855156,415.8312625146805,955.4306385154903,1307.8811296200633
936,303.6658031808581,415.3675319551794,955.0730620473819,1307.5862052644834
937,303.17291874073567,414.90422094982614,954.7156453739694,1307.2913848766893
938,302.6806315695608,414.4413293156431,954.358388416663,1306.9966684051453
939,302.18894144752517,413.9788568692811,954.0012910963635,1306.7020557976048
940,301.697848153618,413.5168034270853,953.6443533340866,1306.4075470022283
941,301.2073514656304,413.05516880502705,953.2875750513822,1306.1131419670294
942,300.7174511601768,412.59395281881507,952.9309561690955,1305.8188406407412
943,300.228147012677,412.13315528378916,952.5744966089699,1305.524642971066
944,299.7394387973641,411.67277601498745,952.2181962917657,1305.230548906434
945,299.25132628728693,411.2128148271154,951.8620551392826,1304.9365583951085
946,298.76380925433114,410.75327153454646,951.5060730725936,1304.6426713857732
947,298.27688746917806,410.29414595136245,951.1502500133067,1304.3488878261114
948,297.79056070136016,409.83543789130226,950.7945858828289,1304.0552076653603
949,297.3048287192362,409.3771471677842,950.4390806025733,1303.7616308511824
950,296.81969128998026,408.91927359392366,950.083734094067,1303.468157332511
951,296.3351481796144,408.46181698251644,949.7285462790562,1303.17478705756
952,295.8511991529931,408.00477714603653,949.3735170787659,1302.881519975244
953,295.36784397381416,407.5481538966246,949.0186464151666,1302.5883560334644
954,294.8850824046208,407.0919470461231,948.6639342098126,1302.2952951816922
955,294.40291420678886,406.63615640607554,948.3093803843724,1302.002337368383
956,293.9213391405574,406.1807817877018,947.9549848605188,1301.709482541548
957,293.44035696500237,405.72582300190584,947.6007475603499,1301.4167306504878
958,292.9599674380704,405.27127985927586,947.2466684052365,1301.1240816434708
959,292.4801703165522,404.81715217009605,946.8927473172876,1300.8315354697725
960,292.0009653560951,404.3634397443491,946.5389842184084,1300.539092078217
961,291.5223523112179,403.9101423916966,946.1853790304044,1300.2467514171944
962,291.0443309353095,403.4572599215155,945.8319316750824,1299.954513435509
963,290.5669009806072,403.0047921428504,945.4786420754456,1299.6623780826676
964,290.09006219823505,402.55273886443774,945.1255101514259,1299.3703453071612
965,289.6138143381811,402.10109989473744,944.7725358270425,1299.0784150584743
966,289.13815714931525,401.6498750418914,944.4197190235627,1298.7865872847913
967,288.6630903793871,401.19906411374177,944.067059663337,1298.4948619358534
968,288.1886137750282,400.74866691782404,943.71455766851,1298.2032389603842
969,287.7147270817418,400.29868326136466,943.3622129612286,1297.9117183072494
970,287.24143004393477,399.849112951317,943.010025463853,1297.6202999265752
971,286.76872240489934,399.3999557943039,942.6579950983241,1297.328983766335
972,286.29660390681283,398.9512115966711,942.3061217873183,1297.0377697763515
973,285.8250742907603,398.5028801644928,941.9544054532003,1296.7466579057061
974,285.3541332967188,398.05496130348115,941.60284601802,1296.4556481036248
975,284.88378066356404,397.60745481910476,941.2514434045634,1296.1647403200227
976,284.41401612908226,397.1603605165046,940.9001975350907,1295.8739345032282
977,283.94483942996703,396.7136782005705,940.5491083321797,1295.5832306034222
978,283.476250301816,396.26740767587285,940.1981757183016,1295.2926285694712
979,283.00824847914623,395.82154874668754,939.8473996159275,1295.0021283512406
980,282.540833695376,395.3761012170064,939.4967799480514,1294.7117298975672
981,282.0740056828613,394.931064890515,939.1463166368308,1294.4214331588564
982,281.6077641728698,394.48643957065747,938.7960096052564,1294.131238084206
983,281.1421088955858,394.04222506054066,938.4458587759004,1293.8411446228365
984,280.67703958014295,393.5984211629984,938.0958640715448,1293.5511527246776
985,280.2125559545764,393.15502768060287,937.7460254149667,1293.261262339202
986,279.7486577458767,392.71204441560917,937.3963427291517,1292.971473416595
987,279.28534467995405,392.26947117000077,937.0468159365596,1292.6817859057214
988,278.8226164816688,391.8273077454785,936.6974449604841,1292.3921997570174
989,278.36047287481233,391.3855539434601,936.3482297236944,1292.1027149198949
990,277.8989135821314,390.9442095650684,935.9991701491654,1291.8133313441754
991,277.4379383253074,390.50327441118975,935.6502661599714,1291.5240489795237
992,276.97754682498066,390.062748282392,935.3015176788688,1291.2348677765908
993,276.5177388007339,389.62263097895357,934.9529246292427,1290.945787684429
994,276.0585139711243,389.1829223009124,934.6044869341533,1290.6568086530833
995,275.5998720536395,388.74362204799263,934.2562045165564,1290.367930632714
996,275.14181276475165,388.3047300196779,933.9080772998186,1290.0791535733288
997,274.6843358198912,387.8662460151645,933.5601052070954,1289.790477424769
998,274.2274409334418,387.42816983336365,933.2122881616383,1289.5019021370033
999,273.771127818781,386.9905012729157,932.8646260865892,1289.2134276606944
1000,273.31539618823604,386.55324013218296,932.5171189055045,1288.925053945201
1001,272.86024575312535,386.11638620928784,932.1697665418299,1288.636780941437
1002,272.40567622373624,385.67993930204193,931.8225689184769,1288.3486085990048
1003,271.9516873093396,385.24389920801764,931.4755259594042,1288.0605368684928
1004,271.4982787182,384.80826572449837,931.128637587929,1287.772565699754
1005,271.0454501575505,384.37303864850765,930.7819037272582,1287.4846950433398
1006,270.59320133362576,383.9382177768116,930.4353243013288,1287.1969248493463
1007,270.1415319516532,383.5038029058969,930.0888992334349,1286.9092550685684
1008,269.69044171585483,383.0697938319804,929.7426284472858,1286.6216856510666
1009,269.2399303294467,382.6361903510449,929.3965118665808,1286.3342165470212
1010,268.7899974946563,382.2029922587499,929.0505494150113,1286.0468477073105
1011,268.34064291270124,381.7701993505516,928.7047410161558,1285.759579082074
1012,267.8918662838148,381.3378114216275,928.359086593792,1285.4724106221474
1013,267.44366730724437,380.90582826689933,928.0135860718976,1285.185342277629
1014,266.99604568124073,380.47424968098767,927.6682393741271,1284.8983739995995
1015,266.5490011030788,380.0430754582994,927.3230464244405,1284.6115057386878
1016,266.1025332690442,379.6123053929887,926.9780071466807,1284.3247374447792
1017,265.6566418744467,379.181939278905,926.6331214647873,1284.0380690693232
1018,265.21132661363094,378.75197690969026,926.2883893026863,1283.7515005624496
1019,264.7665871799461,378.322418078694,925.9438105844015,1283.4650318752763
1020,264.3224232657942,377.8932625790576,925.5993852340459,1283.178662958173
1021,263.8788345626024,377.46451020361064,925.2551131756197,1282.8923937622117
1022,263.43582076083044,377.03616074495903,924.9109943333196,1282.606224238874
1023,262.99338154998304,376.60821399545625,924.5670286311226,1282.3201543374535
1024,262.5515166185994,376.1806697472325,924.2232159934088,1282.034184010247
1025,262.1102256542729,375.75352779209857,923.8795563441302,1281.7483132079476
1026,261.6695083436291,375.326787921676,923.5360496079579,1281.4625418804994
1027,261.2293643723631,374.90044992733124,923.1926957089229,1281.1768699799845
1028,260.7897934252121,374.4745136001568,922.849494571251,1280.8912974571658
1029,260.35079518597195,374.0489787310121,922.5064461195736,1280.605824262349
1030,259.91236933749815,373.62384511051346,922.1635502780914,1280.3204503479765
1031,259.47451556171086,373.1991125290356,921.8208069713032,1280.0351756640193
1032,259.03723353958526,372.77478077668866,921.4782161236944,1279.7500001617173
1033,258.6005229511786,372.35084964337443,921.1357776596312,1279.4649237932956
1034,258.16438347561757,371.92731891870676,920.7934915038845,1279.1799465085044
1035,257.72881479108196,371.50418839211466,920.4513575808958,1278.8950682592308
1036,257.29381657485123,371.0814578527211,920.1093758154054,1278.6102889971935
1037,256.85938850328284,370.6591270894778,919.7675461318238,1278.325608673361
1038,256.4255302518013,370.2371958910496,919.4258684550696,1278.041027238537
1039,255.99224149492898,369.8156640458642,919.0843427095215,1277.7565446450833
1040,255.55952190627409,369.39453134214637,918.7429688204875,1277.4721608434595
1041,255.12737115853997,368.9737975678531,918.4017467122064,1277.1878757851123
1042,254.69578892351456,368.55346251071865,918.0606763098488,1276.903689422469
1043,254.26477487208808,368.13352595824085,917.71975753825,1276.6196017063417
1044,253.8343286742529,367.7139876976837,917.3789903222278,1276.3356125879532
1045,253.4044499991005,367.294847516089,917.0383745865875,1276.0517220195086
1046,252.9751385148336,366.87610520022895,916.6979102565301,1275.7679299518834
1047,252.54639388875398,366.4577605366892,916.3575972569274,1275.4842363375183
1048,252.11821578728177,366.0398133118058,916.0174355127378,1275.2006411275233
1049,251.6906038759589,365.6222633116977,915.6774249494249,1274.9171442737088
1050,251.2635578194231,365.2051103222341,915.3375654916993,1274.633745727416
1051,250.8370772814544,364.78835412906824,914.9978570647756,1274.3504454412648
1052,250.41116192494223,364.3719945176356,914.6582995939582,1274.067243365968
1053,249.98581141191448,363.9560312731114,914.3188930044232,1273.7841394540833
1054,249.56102540351435,363.54046418049984,913.9796372213293,1273.5011336574266
1055,249.13680356003283,363.1252930245332,913.6405321701282,1273.2182259270553
1056,248.7131455408712,362.7105175897393,913.301577776044,1272.9354162155896
1057,248.290051004597,362.29613766043144,912.9627739644882,1272.652704474901
1058,247.86751960890706,361.8821530206949,912.624120660746,1272.3700906566833
1059,247.4455510106293,361.468563454368,912.2856177905041,1272.0875747136176
1060,247.0241448657598,361.055368745117,911.9472652789011,1271.8051565967603
1061,246.60330082942733,360.6425686763623,911.6090630515798,1271.5228362581538
1062,246.18301855591858,360.23016303130794,911.2710110341638,1271.2406136505338
1063,245.76329769868198,359.8181515929216,910.9331091522477,1270.9584887261717
1064,245.3441379103174,359.40653414400253,910.5953573313066,1270.6764614365834
1065,244.92553884258382,358.9953104670901,910.257755497001,1270.394531733984
1066,244.50750014639925,358.5844803445225,909.9203035749647,1270.112699570696
1067,244.09002147187766,358.17404355843405,909.5830014911296,1269.8309648991585
1068,243.6731024682565,357.7639998907355,909.2458491710859,1269.54932767135
1069,243.25674278399288,357.35434912311234,908.9088465406107,1269.2677878396466
1070,242.8409420666892,356.9450910370829,908.5719935255631,1268.9863453562525
1071,242.4256999631309,356.5362254139068,908.2352900517799,1268.7050001743514
1072,242.01101611929698,356.12775203465435,907.8987360452816,1268.4237522449243
1073,241.59689018033782,355.7196706801724,907.5623314318543,1268.1426015213856
1074,241.1833217905969,355.3119811311278,907.2260761374712,1267.8615479558111
1075,240.7703105936082,354.9046831679757,906.8899700882898,1267.5805915003912
1076,240.35785623209813,354.49777657092636,906.5540132100225,1267.299732108586
1077,239.94595834798588,354.0912611200238,906.218205429092,1267.0189697322357
1078,239.53461658239667,353.6851365950879,905.8825466713715,1266.7383043238653
1079,239.12383057564557,353.2794027757493,905.5470368630201,1266.4577358364063
1080,238.71359996726687,352.8740594414187,905.2116759304893,1266.1772642223227
1081,238.30392439599495,352.4691063713369,904.8764637996785,1265.8968894339
1082,237.89480349977703,352.06454334448176,904.5414003968799,1265.6166114241155
1083,237.48623691576768,351.66037013969617,904.206485648466,1265.3364301460572
1084,237.0782242803391,351.2565865355807,903.8717194806741,1265.0563455520605
1085,236.67076522909088,350.8531923105588,903.5371018201379,1264.7763575948534
1086,236.26385939684656,350.4501872428432,903.2026325927279,1264.4964662278628
1087,235.85750641762866,350.0475711104493,902.8683117253345,1264.2166714034652
1088,235.45170592472573,349.64534369121543,902.5341391441943,1263.936973074146
1089,235.04645755062438,349.2435047627589,902.2001147758281,1263.6573711930823
1090,234.64176092707044,348.84205410250024,901.8662385468331,1263.3778657132752
1091,234.2376156850171,348.4409914876953,901.5325103837818,1263.098456587833
1092,233.83402145469222,348.0403166953902,901.1989302131083,1262.8191437699766
1093,233.43097786553744,347.6400295024348,900.865497961745,1262.5399272121658
1094,233.02848454625178,347.2401296854798,900.5322135560714,1262.2608068675509
1095,232.626541124783,346.84061702100325,900.1990769228562,1261.9817826896833
1096,232.22514722832716,346.44149128528557,899.8660879889421,1261.702854630774
1097,231.82430248333844,346.0427522543989,899.5332466811449,1261.4240226448842
1098,231.42400651551384,345.6443997042752,899.2005529261439,1261.1452866844425
1099,231.02425894983162,345.2464334106148,898.8680066509012,1260.8666467034413
1100,230.6250594105113,344.84885314893563,898.535607782142,1260.5881026542365
1101,230.22640752105212,344.4516586945924,898.2033562469794,1260.309654490751
1102,229.82830290422385,344.0548498227429,897.8712519721794,1260.031302166139
1103,229.43074518205344,343.6584263083507,897.5392948848983,1259.75304563367
1104,229.03373397584892,343.262387926216,897.207484912155,1259.4748848461359
1105,228.63726890619319,342.8667344509129,896.8758219808326,1259.1968197578935
1106,228.24134959296202,342.47146565690605,896.5443060182006,1258.9188503216637
1107,227.84597565529384,342.07658131841254,896.2129369511836,1258.6409764914392
1108,227.4511467116281,341.68208120949953,895.8817147073039,1258.363198220156
1109,227.05686237968393,341.2879651040589,895.5506392133138,1258.0855154614442
1110,226.6631222764738,340.89423277577,895.219710396882,1257.8079281690402
1111,226.2699260183117,340.5008839981824,894.8889281850079,1257.530436296201
1112,225.87727322079832,340.10791854463105,894.5582925051897,1257.2530397968826
1113,225.48516349883357,339.71533618831177,894.2278032845722,1256.9757386242698
1114,225.09359646662938,339.32313670218286,893.8974604504813,1256.6985327325287
1115,224.70257173769983,338.93131985908826,893.5672639305185,1256.4214220747735
1116,224.31208892486643,338.5398854316877,893.237213652149,1256.1444066050926
1117,223.9221476402554,338.1488331924295,892.9073095428039,1255.8674862771
1118,223.53274749532466,337.75816291363185,892.5775515298806,1255.590661044233
1119,223.14388810083074,337.3678743674134,892.247939541159,1255.3139308611912
1120,222.75556906685892,336.9779673257417,891.9184735039694,1255.0372956810363
1121,222.367790002824,336.5884415603846,891.589153346019,1254.760755457236
1122,221.98055051744382,336.19929684301405,891.2599789950918,1254.4843101450979
1123,221.59385021879075,335.81053294502476,890.9309503787215,1254.2079596968465
1124,221.20768871425457,335.4221496377411,890.6020674248291,1253.9317040677117
1125,220.82206561056046,335.03414669226254,890.2733300609843,1253.655543211
1126,220.436980513776,334.64652387954266,889.9447382150327,1253.3794770812888
1127,220.05243302930035,334.25928097035535,889.616291814996,1253.1035056317983
1128,219.66842276188345,333.8724177353274,889.287990788335,1252.8276288173156
1129,219.28494931561568,333.48593394494105,888.9598350634153,1252.5518465915702
1130,218.90201229393415,333.09982936946426,888.6318245677287,1252.276158908682
1131,218.51961129963206,332.7141037790211,888.3039592296732,1252.000565722592
1132,218.1377459348612,332.32875694361087,887.9762389768734,1251.7250669882126
1133,217.756415801118,331.9437886330327,887.6486637377591,1251.4496626588211
1134,217.3756204992626,331.5591986169102,887.3212334400878,1251.1743526892496
1135,216.99535962952632,331.17498666477195,886.9939480121086,1250.8991370338576
1136,216.61563279149618,330.791152545929,886.6668073819242,1250.624015646229
1137,216.23643958413277,330.40769602956766,886.3398114778076,1250.348988481515
1138,215.85777960576206,330.02461688469816,886.0129602278935,1250.0740554938052
1139,215.47965245408795,329.6419148801856,885.68625356048,1249.799216636999
1140,215.10205772618906,329.25958978473,885.3596914038333,1249.5244718656807
1141,214.72499501853054,328.8776413669084,885.0332736861747,1249.2498211351271
1142,214.34846392695022,328.4960693950677,884.7070003361082,1248.975264398674
1143,213.9724640466768,328.11487363752076,884.3808712817779,1248.700801611516
1144,213.59699497232214,327.73405386230434,884.0548864517075,1248.4264327277756
1145,213.22205629789505,327.35360983739065,883.7290457742761,1248.1521577022681
1146,212.84764761679185,326.973541330555,883.4033491782411,1247.8779764890387
1147,212.47376852181037,326.5938481094711,883.0777965919006,1247.6038890433952
1148,212.10041860514002,326.2145299415738,882.7523879438259,1247.3298953201756
1149,211.72759745838698,325.8355865942651,882.4271231627554,1247.0559952731426
1150,211.35530467253875,325.457017834706,882.1020021771815,1246.782188857333
1151,210.98353983802167,325.07882342995936,881.7770249158638,1246.5084760278937
1152,210.6123025446368,324.7010031469249,881.4521913074196,1246.2348567391848
1153,210.2415923816286,324.3235567523509,881.127501280738,1245.9613309456818
1154,209.87140893764217,323.9464840128753,880.8029547644547,1245.6878986031202
1155,209.5017518007403,323.56978469495266,880.4785516873746,1245.4145596655926
1156,209.13262055841415,323.19345856490804,880.1542919784699,1245.1413140878758
1157,208.76401479757988,322.8175053889138,879.8301755666687,1244.8681618257206
1158,208.39593410457314,322.44192493303535,879.5062023806481,1244.5951028329405
1159,208.0283780651614,322.06671696315516,879.1823723495659,1244.322137065199
1160,207.66134626455096,321.69188124506786,878.8586854022204,1244.0492644776787
1161,207.2948382873733,321.3174175443553,878.5351414676848,1243.7764850242083
1162,206.92885371771285,320.94332562652176,878.2117404750886,1243.5037986613338
1163,206.56339213907245,320.5696052569024,877.8884823535229,1243.2312053433811
1164,206.1984531344267,320.1962562007134,877.5653670321354,1242.9587050250516
1165,205.83403628617202,319.8232782230318,877.2423944399235,1242.6862976623343
1166,205.47014117616072,319.4506710887863,876.9195645062655,1242.41398320985
1167,205.10676738571192,319.07843456277715,876.5968771602807,1242.1417616228944
1168,204.74391449558425,318.7065684096774,876.2743323312533,1241.8696328565884
1169,204.38158208598884,318.3350723940316,875.951929948425,1241.5975968661478
1170,204.01976973661385,317.96394628020585,875.6296699413036,1241.3256536068761
1171,203.6584770265954,317.59318983250137,875.307552238935,1241.05380303449
1172,203.2977035345491,317.22280281505186,874.9855767711553,1240.7820451036246
1173,202.93744883854583,316.85278499185097,874.6637434669194,1240.510379770183
1174,202.57771251613258,316.4831361267909,874.3420522561806,1240.2388069892945
1175,202.21849414433427,316.11385598361494,874.0205030680107,1239.9673267161875
1176,201.85979329964766,315.7449443259495,873.6990958322712,1239.6959389067747
1177,201.50160955804972,315.3764009172762,873.3778304784629,1239.4246435159016
1178,201.1439424949956,315.00822552097316,873.0567069358328,1239.1534404999682
1179,200.78679168544318,314.6404179002798,872.7357251346259,1238.882329813428
1180,200.4301567038044,314.27297781830134,872.4148850042017,1238.6113114125985
1181,200.07403712401583,313.90590503804106,872.0941864740826,1238.3403852527092
1182,199.71843251949122,313.5391993223641,871.7736294744782,1238.0695512893933
1183,199.36334246313095,313.1728604339919,871.4532139347086,1237.798809478088
1184,199.00876652735383,312.8068881355746,871.1329397848876,1237.5281597749067
1185,198.65470428406798,312.44128218959486,870.8128069548699,1237.257602135483
1186,198.30115530468333,312.07604235842496,870.4928153742527,1236.987136514965
1187,197.94811916012236,311.71116840434115,870.1729649732118,1236.7167628700572
1188,197.59559542081047,311.3466600894792,869.8532556815607,1236.446481155514
1189,197.24358365669877,310.98251717585003,869.5336874294836,1236.176291327948
1190,196.89208343722885,310.6187394253409,869.2142601469059,1235.9061933423063
1191,196.54109433138296,310.2553265997715,868.8949737638086,1235.63618715569
1192,196.19061590764795,309.89227846078506,868.5758282103292,1235.366272722657
1193,195.84064773404862,309.52959476993306,868.2568234165622,1235.096450000207
1194,195.49118937811932,309.16727528865795,867.9379593126499,1234.8267189433907
1195,195.14224040692375,308.8053197782783,867.6192358290047,1234.5570795088079
1196,194.79380038706495,308.44372800000406,867.3006528955643,1234.2875316523
1197,194.44586888468234,308.08249971492023,866.982210442744,1234.0180753297773
1198,194.09844546543695,307.72163468401527,866.6639084009058,1233.7487104972702
1199,193.75152969453075,307.3611326681555,866.3457467000461,1233.47943711089
1200,193.4051211367189,307.00099342811745,866.0277252710574,1233.2102551265643
1201,193.05921935629658,306.6412167245164,865.7098440438326,1232.9411645005925
1202,192.71382391709494,306.2818023179293,865.3921029491587,1232.67216518968
1203,192.36893438251354,305.9227499687422,865.0745019173524,1232.4032571491648
1204,192.02455031547765,305.5640594373251,864.7570408788861,1232.1344403356288
1205,191.68067127848644,305.2057304838654,864.4397197644971,1231.8657147051927
1206,191.33729683360048,304.84776286846227,864.1225385045524,1231.5970802143515
1207,190.99442654242125,304.490156351128,863.8054970296845,1231.3285368191098
1208,190.65205996612463,304.13291069178786,863.4885952705778,1231.0600844764533
1209,190.31019666545626,303.77602565017287,863.1718331578601,1230.7917231419867
1210,189.96883620070912,303.4195009860125,862.8552106223191,1230.5234527720072
1211,189.62797813177463,303.06333645887617,862.5387275946907,1230.2552733234847
1212,189.28762201809536,302.7075318282575,862.2223840057582,1229.9871847523268
1213,188.94776741870328,302.3520868535188,861.9061797861476,1229.7191870159804
1214,188.6084138921933,301.9970012939409,861.5901148670633,1229.4512800699486
1215,188.2695609967509,301.6422749087035,861.2741891790229,1229.1834638710002
1216,187.9312082901531,301.28790745689435,860.9584026531184,1228.9157383754064
1217,187.59335532975115,300.93389869748034,860.6427552202864,1228.6481035401316
1218,187.25600167248354,300.5802483893458,860.3272468116162,1228.3805593222219
1219,186.91914687488702,300.2269562912777,860.0118773579331,1228.113105677346
1220,186.58279049308362,299.87402216193686,859.696646790217,1227.8457425627626
1221,186.24693208280564,299.5214457599309,859.3815550399161,1227.5784699349178
1222,185.91157119937748,299.1692268437414,859.0666020377957,1227.3112877506408
1223,185.5767073977138,298.8173651717859,858.7517877151943,1227.0441959665877
1224,185.24234023235272,298.4658605023458,858.4371120032891,1226.7771945394857
1225,184.90846925742926,298.1147125936279,858.122574833306,1226.5102834261606
1226,184.57509402668916,297.76392120376863,857.8081761364185,1226.2434625835417
1227,184.24221409348047,297.4134860907868,857.4939158438436,1225.9767319683392
1228,183.90982901078542,297.06340701259796,857.1797938871636,1225.7100915373721
1229,183.57793833118944,296.7136837270564,856.8658101975899,1225.4435412478517
1230,183.2465416068976,296.36431599189996,856.5519647065904,1225.1770810564722
1231,182.91563838974207,296.0153035647968,856.2382573453705,1224.9107109200313
1232,182.58522823118506,295.6666462033211,855.9246880455954,1224.6444307957227
1233,182.25531068230043,295.3183436649754,855.611256738775,1224.3782406405217
1234,181.92588529379805,294.9703957071056,855.2979633562524,1224.11214041152
1235,181.59695161603122,294.6228020870517,854.9848078298401,1223.8461300655713
1236,181.26850919897743,294.275562562028,854.6717900909766,1223.580209559666
1237,180.9405575922499,293.9286768891793,854.3589100713571,1223.314378851445
1238,180.6130963451094,293.58214482554763,854.0461677025131,1223.048637897774
1239,180.28612500645,293.2359661281034,853.7335629163392,1222.782986655884
1240,179.95964312482033,292.890140553729,853.4210956444588,1222.5174250825244
1241,179.6336502484096,292.5446678592218,853.1087658185456,1222.251953135427
1242,179.3081459250634,292.1995478013039,852.796573370628,1221.98657077181
1243,178.98312970227425,291.8547801366126,852.4845182323659,1221.7212779486913
1244,178.6586011271936,291.510364621686,852.1726003356704,1221.4560746234895
1245,178.33455974662934,291.1663010130262,851.8608196125016,1221.1909607537027
1246,178.011005107041,290.8225890669996,851.5491759946523,1220.9259362963326
1247,177.68793675456527,290.47922853993964,851.2376694142769,1220.6610012087622
1248,177.36535423500254,290.13621918806393,850.9262998032582,1220.396155449056
1249,177.04325709380555,289.7935607675586,850.61506709363,1220.131398973912
1250,176.72164487611235,289.4512530344957,850.3039712175737,1219.866731740689
1251,176.40051712672675,289.10929574485976,849.9930121070024,1219.6021537077245
1252,176.0798733901313,288.7676886546087,849.682189694291,1219.3376648319804
1253,175.75971321047973,288.4264315195703,849.3715039115441,1219.073265071102
1254,175.4400361316125,288.08552409554704,849.0609546908088,1218.8089543825085
1255,175.12084169704826,287.74496613824203,848.7505419644853,1218.5447327240256
1256,174.80212945000153,287.4047574032704,848.4402656648077,1218.2806000529686
1257,174.48389893335025,287.0648976462021,848.1301257240569,1218.0165563273315
1258,174.16614968968656,286.72538662252964,847.820122074556,1217.752601504335
1259,173.84888126128067,286.3862240876583,847.5102546487726,1217.488735542142
1260,173.53209319010534,286.04740979694634,847.2005233790104,1217.2249583981393
1261,173.2157850178346,285.7089435056462,846.890928197929,1216.9612700306875
1262,172.89995628581983,285.3708249689853,846.581469037604,1216.697670396753
1263,172.5846065351368,285.03305394210474,846.2721458309858,1216.434159454583
1264,172.26973530656278,284.6956301800592,845.9629585103394,1216.1707371622165
1265,171.9553421405683,284.35855343785875,845.6539070082822,1215.9074034765863
1266,171.6414265773501,284.02182347042685,845.3449912574742,1215.644158356806
1267,171.3279881568086,283.685440032634,845.0362111906187,1215.381001759987
1268,171.0150264185604,283.349402879285,844.7275667403518,1215.117933643936
1269,170.70254090192975,283.0137117651195,844.4190578392505,1214.854953967434
1270,170.39053114598187,282.67836644482554,844.1106844202438,1214.5920626878572
1271,170.07899668947573,282.34336667298203,843.8024464159876,1214.3292597635734
1272,169.7679370709143,282.0087122041484,843.4943437594922,1214.0665451518537
1273,169.45735182851638,281.6744027928089,843.186376383289,1213.8039188115445
1274,169.14724050024097,281.34043819339377,842.8785442205717,1213.5413807006587
1275,168.8376026237603,281.0068181602403,842.5708472040543,1213.2789307770531
1276,168.5284377365017,280.6735424476642,842.2632852666998,1213.0165689989171
1277,168.21974537560982,280.340610809915,841.9558583416147,1212.7542953245747
1278,167.91152507796858,280.00802300115424,841.6485663616336,1212.4921097120903
1279,167.60377638022408,279.6757787755055,841.341409260043,1212.2300121196765
1280,167.29649881873888,279.343877887045,841.0343869697585,1211.9680025058778
1281,166.98969192963568,279.012320089754,840.727499423833,1211.7060808284639
1282,166.6833552487741,278.681105137603,840.4207465556744,1211.4442470461681
1283,166.37748831178158,278.35023278449194,840.1141282981024,1211.1825011172416
1284,166.07209065401594,278.01970278422687,839.8076445847064,1210.920842999702
1285,165.76716181060897,277.68951489060396,839.5012953485908,1210.659272652246
1286,165.46270131643723,277.35966885735957,839.1950805227958,1210.397790033081
1287,165.15870870613958,277.0301644381682,838.8890000410248,1210.1363951010999
1288,164.85518351412782,276.7010013866218,838.5830538363928,1209.875087814059
1289,164.55212527455194,276.3721794563055,838.2772418424704,1209.6138681310272
1290,164.24953352135992,276.0436984007431,837.9715639924499,1209.3527360102576
1291,163.94740778824143,275.71555797338715,837.6660202197652,1209.0916914103668
1292,163.64574760867436,275.38775792766205,837.3606104581007,1208.8307342898015
1293,163.3445525159009,275.06029801691125,837.0553346409674,1208.5698646073522
1294,163.04382204295223,274.7331779944593,836.7501927018086,1208.3090823213327
1295,162.74355572261356,274.4063976135519,836.4451845743133,1208.04838739041
1296,162.4437530874759,274.0799566274468,836.1403101917899,1207.7877797736621
1297,162.14441366988774,273.7538547892609,835.8355694884184,1207.527259429332
1298,161.8455370020174,273.4280918521447,835.5309623973684,1207.2668263163882
1299,161.54712261577913,273.10266756915735,835.2264888525829,1207.006480393532
1300,161.2491700429091,272.77758169333356,834.9221487880324,1206.7462216192982
1301,160.95167881492227,272.452833977585,834.6179421371043,1206.4860499525798
1302,160.65464846312454,272.1284241750577,834.3138688337377,1206.2259653523693
1303,160.35807851862478,271.80435203843217,834.0099288119123,1205.965967777442
1304,160.06196851232187,271.4806173206341,833.7061220054293,1205.7060571866475
1305,159.7663179749262,271.15721977446924,833.40244834813,1205.4462335386422
1306,159.47112643695266,270.8341591526846,833.0989077740941,1205.186496792749
1307,159.1763934287069,270.5114352080127,832.7955002173358,1204.9268469077815
1308,158.88211848031756,270.1890476931387,832.4922256116942,1204.667283842357
1309,158.588301121708,269.8669963606799,832.1890838913553,1204.407807556051
1310,158.29494088262936,269.5452809632593,831.8860749903304,1204.1484180076316
1311,158.00203729264172,269.22390125342463,831.5831988428741,1203.8891151556622
1312,157.70958988111272,268.9028569837053,831.280455382859,1203.6298989599968
1313,157.4175981772429,268.5821479065669,830.9778445447101,1203.3707693793363
1314,157.1260617100429,268.261773774469,830.6753662625764,1203.1117263731107
1315,156.8349800083538,267.94173433980654,830.3730204707427,1202.8527698999173
1316,156.5443526008388,267.62202935495907,830.0708071034229,1202.593899919035
1317,156.25417901599087,267.30265857226027,829.7687260948658,1202.3351163904226
1318,155.96445878213854,266.98362174399176,829.466777379557,1202.076419272336
1319,155.67519142741912,266.6649186224281,829.1649608919187,1201.817808524614
1320,155.3863764798374,266.34654895980157,828.8632765661893,1201.559284106265
1321,155.09801346720724,266.0285125082987,828.5617243369574,1201.3008459763923
1322,154.81010191719452,265.71080902010476,828.2603041385308,1201.0424940950893
1323,154.52264135731082,265.3934382473176,827.959015905767,1200.7842284210192
1324,154.23563131489698,265.0763999420449,827.657859572935,1200.5260489135421
1325,153.94907131714717,264.7596938563488,827.3568350745411,1200.2679555323907
1326,153.66296089111222,264.44331974227066,827.0559423454364,1200.0099482370756
1327,153.37729956366843,264.1272773518167,826.7551813200897,1199.7520269863235
1328,153.09208686156046,263.81156643694135,826.4545519332039,1199.494191740412
1329,152.80732231139473,263.49618674962744,826.1540541196238,1199.236442458503
1330,152.52300543961735,263.181138041743,825.853687813907,1198.9787791001722
1331,152.23913577253234,262.8664200652165,825.5534529510634,1198.7212016250269
1332,151.95571283632603,262.5520325718719,825.253349465715,1198.4637099922102
1333,151.67273615702436,262.237975313564,824.9533772926175,1198.2063041621118
1334,151.39020526052172,261.9242480420944,824.6535363669758,1197.9489840937135
1335,151.10811967259633,261.6108505092541,824.3538266233986,1197.6917497467034
1336,150.82647891887166,261.29778246677097,824.054247996943,1197.4346010814124
1337,150.54528252485352,260.98504366641487,823.7548004225914,1197.1775380564766
1338,150.26453001593177,260.67263385985143,823.4554838354592,1196.9205606324124
1339,149.98422091734903,260.3605527987784,823.1562981702762,1196.6636687692153
1340,149.70435475424836,260.0488002348609,822.8572433625309,1196.406862425758
1341,149.42493105163453,259.73737591972554,822.558319347009,1196.1501415622222
1342,149.14594933440424,259.42627960499726,822.2595260588448,1195.8935061385305
1343,148.8674091273357,259.1155110422517,821.9608634334027,1195.6369561147035
1344,148.5893099550874,258.8050699830751,821.6623314057679,1195.3804914502684
1345,148.31165134221874,258.4949561790231,821.3639299112601,1195.1241121047963
1346,148.03443281316686,258.1851693816129,821.0656588851275,1194.86781803946
1347,147.75765389226626,257.875709342361,820.7675182624342,1194.6116092128036
1348,147.48131410374526,257.5665758127559,820.4695079788984,1194.3554855858724
1349,147.20541297172656,257.2577685442675,820.1716279696449,1194.0994471176637
1350,146.92995002024156,256.9492872883659,819.8738781702389,1193.8434937690788
1351,146.6549247732048,256.64113179650485,819.5762585159641,1193.5876254998957
1352,146.38033675444592,256.33330182007535,819.278768942443,1193.331842269677
1353,146.10618548768957,256.0257971104945,818.9814093849081,1193.0761440392298
1354,145.83247049658655,255.71861741915973,818.684179779142,1192.8205307685894
1355,145.55919130467362,255.41176249743967,818.3870800606423,1192.5650024172578
1356,145.2863474354108,255.10523209670714,818.090110164932,1192.3095589459926
1357,145.01393841216793,254.79902596829584,817.7932700277698,1192.0542003147702
1358,144.74196375822396,254.4931438635533,817.4965595847349,1191.7989264842201
1359,144.4704229967905,254.18758553377825,817.1999787714311,1191.5437374138576
1360,144.19931565098295,253.88235073031456,816.9035275239058,1191.2886330644815
1361,143.92864124384198,253.57743920442772,816.607205777504,1191.0336133963865
1362,143.65839929833237,253.27285070740697,816.3110134683259,1190.778678369311
1363,143.38858933735003,252.96858499055554,816.014950532081,1190.5238279446012
1364,143.11921088370138,252.66464180509968,815.7190169047151,1190.2690620812732
1365,142.85026346013592,252.36102090230816,815.4232125218829,1190.0143807411177
1366,142.58174658933183,252.0577220334476,815.12753731979,1189.7597838839124
1367,142.31365979389284,251.75474494971445,814.8319912342474,1189.5052714695285
1368,142.0460025963746,251.45208940237376,814.5365742011985,1189.2508434590732
1369,141.7787745192487,251.14975514263028,814.2412861569237,1188.9964998131777
1370,141.51197508493647,250.84774192168618,813.9461270371033,1188.7422404925358
1371,141.24560381579863,250.546049490771,813.651096777961,1188.4880654564095
1372,140.9796602341446,250.24467760106222,813.3561953158528,1188.2339746668486
1373,140.71414386221682,249.94362600378065,813.0614225865321,1187.9799680836059
1374,140.4490542222112,249.64289445008615,812.7667785266126,1187.7260456676513
1375,140.1843908362789,249.3424826911778,812.4722630720007,1187.4722073792072
1376,139.920153226509,249.04239047824774,812.1778761589396,1187.2184531791136
1377,139.65634091494917,248.74261756246688,811.8836177239056,1186.9647830280173
1378,139.392953423603,248.44316369499904,811.5894877030886,1186.7111968872491
1379,139.12999027442947,248.14402862702582,811.2954860326976,1186.4576947167075
1380,138.86745098934512,247.8452121097141,811.0016126493854,1186.2042764772614
1381,138.6053350902315,247.5467138942297,810.7078674895156,1185.950942129874
1382,138.34364209891703,247.2485337317513,810.4142504894727,1185.6976916355702
1383,138.08237153722393,246.95067137341778,810.1207615855632,1185.4445249545697
1384,137.82152292690557,246.65312657042273,809.827400714634,1185.1914420483588
1385,137.561095789712,246.35589907392853,809.53416781283,1184.9384428772914
1386,137.30108964734654,246.05898863509265,809.241062817044,1184.6855274030374
1387,137.0415040214889,245.762395005092,808.9480856636733,1184.4326955855631
1388,136.7823384338019,245.46611793510056,808.6552362896558,1184.1799473865399
1389,136.52359240590158,245.1701571762785,808.3625146312268,1183.9272827661125
1390,136.26526545940897,244.8745124798163,808.0699206254737,1183.6747016862446
1391,136.00735711589925,244.57918359688085,807.7774542089846,1183.4222041071312
1392,135.7498668969472,244.28417027867704,807.4851153183732,1183.1697899903183
1393,135.49279432410242,243.9894722763696,807.1929038905827,1182.917459296394
1394,135.23613891890034,243.6950893411704,806.9008198624772,1182.6652119871658
1395,134.97990020287352,243.4010212242606,806.6088631708368,1182.413048023399
1396,134.72407769752033,243.10726767684935,806.3170337527745,1182.1609673660173
1397,134.46867092435434,242.81382845016594,806.0253315448022,1181.9089699762822
1398,134.21367940486414,242.5207032954072,805.7337564842842,1181.657055815605
1399,133.95910266054796,242.22789196381189,805.4423085078769,1181.4052248447845
1400,133.7049402128804,241.935394206605,805.1509875528811,1181.1534770253602
1401,133.45119158335433,241.64320977502211,804.8597935563083,1180.9018123189314
1402,133.19785629344824,241.35133842032053,804.5687264549812,1180.6502306859475
1403,132.9449338646565,241.05977989377436,804.2777861862627,1180.3987320884728
1404,132.69242381845947,240.76853394662953,803.9869726873271,1180.147316486823
1405,132.44032567635463,240.4776003301821,803.6962858952676,1179.8959838435012
1406,132.188638959846,240.18697879570652,803.4057257471941,1179.6447341192697
1407,131.93736319044126,239.8966690945109,803.1152921805497,1179.393567275585
1408,131.68649788966138,239.60667097791077,802.824985132694,1179.1424832742691
1409,131.4360425790428,239.3169841972242,802.5348045405887,1178.8914820760272
1410,131.18599678013663,239.02760850381048,802.2447503418414,1178.6405636428303
1411,130.9363600144968,238.7385436489983,801.9548224738652,1178.3897279361345
1412,130.687131803718,238.44978938415807,801.6650208737873,1178.1389749171572
1413,130.43831166939958,238.16134546068236,801.3753454792685,1177.888304547477
1414,130.18989913315886,237.87321162992396,801.0857962276804,1177.6377167891126
1415,129.94189371665288,237.58538764334833,800.7963730568256,1177.387211603488
1416,129.6942949415453,237.29787325233247,800.5070759036968,1177.1367889515195
1417,129.4471023295422,237.01066820833398,800.2179047063428,1176.8864487960327
1418,129.2003154023662,236.72377226281424,799.9288594019989,1176.636191097763
1419,128.95393368177736,236.43718516723516,799.6399399286472,1176.3860158187954
1420,128.70795668956123,236.15090667310199,799.3511462236631,1176.1359229203276
1421,128.46238394754937,235.86493653190337,799.0624782249603,1175.8859123645739
1422,128.217214977602,235.5792744951774,798.7739358701596,1175.6359841131944
1423,127.97244930160502,235.2939203144673,798.4855190968958,1175.386138128242
1424,127.72808644150962,235.00887374134004,798.1972278431359,1175.136374370903
1425,127.48412591927593,234.72413452737146,797.9090620466568,1174.886692803116
1426,127.2405672569347,234.43970242415514,797.6210216454588,1174.6370933871058
1427,126.99740997654408,234.15557718334549,797.3331065770395,1174.3875760846495
1428,126.75465360021792,233.8717585565704,797.0453167797456,1174.1381408575214
1429,126.51229765011135,233.58824629549156,796.7576521912144,1173.8887876673325
1430,126.27034164842689,233.30504015181452,796.4701127495123,1173.6395164763503
1431,126.02878511742517,233.0221398772486,796.1826983927245,1173.390327246881
1432,125.78762757941615,232.73954522350664,795.8954090589531,1173.1412199398505
1433,125.54686855676425,232.45725594236558,795.6082446861056,1172.8921945183463
1434,125.30650757189505,232.17527178559692,795.3212052124223,1172.6432509439883
1435,125.06654414727473,231.89359250500615,795.0342905758431,1172.3943891785225
1436,124.82697780545402,231.61221785244322,794.747500714741,1172.1456091846617
1437,124.5878080690261,231.33114757972305,794.460835567297,1171.896910923645
1438,124.34903446065061,231.0503814387746,794.1742950718119,1171.6482943583583
1439,124.11065650305636,230.76991918145166,793.8878791661873,1171.3997594507653
1440,123.87267371903829,230.48976055972423,793.6015877890652,1171.1513061627008
1441,123.63508563145524,230.20990532554583,793.3154208787912,1170.902934456609
1442,123.39789176323166,229.93035323089646,793.0293783736241,1170.6546442947113
1443,123.1610916373761,229.6511040277993,792.7434602118367,1170.4064356393405
1444,122.92468477695945,229.37215746828656,792.4576663321312,1170.1583084525455
1445,122.6886707051284,229.09351330444258,792.1719966727065,1169.9102626964973
1446,122.45304894510718,228.81517128833934,791.886451172294,1169.6622983337006
1447,122.217819020197,228.5371311721542,791.6010297691205,1169.4144153264785
1448,121.98298045378078,228.25939270801007,791.3157324019483,1169.166613637482
1449,121.7485327693189,227.98195564808714,791.0305590091366,1168.918893228234
1450,121.51447549035117,227.7048197446503,790.7455095297825,1168.671254062164
1451,121.28080814050986,227.42798474992162,790.4605839019677,1168.4236961009397
1452,121.0475302435093,227.15145041618962,790.1757820646081,1168.1762193072154
1453,120.81464132315102,226.87521649575945,789.8911039566395,1167.9288236431257
1454,120.58214090331546,226.59928274100207,789.6065495163857,1167.6815090720474
1455,120.35002850799879,226.32364890428653,789.3221186829107,1167.434275555679
1456,120.1183036612623,226.04831473802847,789.037811394775,1167.1871230569159
1457,119.88696588727532,225.77327999468037,788.7536275910685,1166.9400515378888
1458,119.65601471030027,225.49854442671096,788.4695672104801,1166.6930609616925
1459,119.42544965469199,225.22410778666813,788.1856301921259,1166.446151290837
1460,119.19527024490617,224.9499698270664,787.9018164746172,1166.1993224876996
1461,118.96547600550218,224.67613030051666,787.6181259971993,1165.9525745149044
1462,118.73606646113467,224.4025889596395,787.3345586986126,1165.7059073358644
1463,118.50704113656991,224.12934555708182,787.0511145180228,1165.4593209122
1464,118.27839955666548,223.85639984555849,786.7677933945067,1165.2128152068076
1465,118.05014124639649,223.5837515777937,786.4845952671491,1164.9663901832578
1466,117.82226573084029,223.31140050656813,786.2015200750512,1164.7200458031014
1467,117.59477253519162,223.03934638469127,785.9185677571171,1164.4737820306573
1468,117.36766118473747,222.7675889649811,785.6357382529869,1164.2275988273004
1469,117.14093120489633,222.4961280003738,785.3530315014856,1163.9814961562865
1470,116.91458212119176,222.22496324375493,785.0704474421718,1163.7354739809432
1471,116.68861345926075,221.95409444809718,784.7879860139972,1163.489532263466
1472,116.46302474485822,221.6835213664234,784.5056471564417,1163.243670967006
1473,116.23781550387173,221.41324375176453,784.2234308087866,1162.99789005482
1474,116.01298526228084,221.14326135721183,783.9413369105356,1162.7521894889992
1475,115.78853354620855,220.8735739358932,783.65936540089,1162.5065692338044
1476,115.56445988189671,220.60418124097805,783.377516219371,1162.2610292508907
1477,115.34076379570115,220.33508302568453,783.0957893054107,1162.0155695040576
1478,115.11744481410938,220.06627904325956,782.8141845985522,1161.7701899557062
1479,114.89450246374861,219.79776904700975,782.5327020382479,1161.5248905700673
1480,114.67193627135237,219.52955279025298,782.2513415641645,1161.2796713087637
1481,114.44974576379707,219.26163002640487,781.9701031157747,1161.034532135589
1482,114.22793046809477,218.99400050887175,781.6889866327666,1160.7894730138064
1483,114.00648991138053,218.72666399114905,781.4079920547347,1160.5444939064282
1484,113.78542362092912,218.45962022672416,781.1271193212826,1160.2995947765417
1485,113.56473112414494,218.19286896917276,780.8463683723368,1160.05477558733
1486,113.3444119485855,217.92640997211197,780.5657391475189,1159.8100363020178
1487,113.12446562192861,217.660242989199,780.2852315864642,1159.5653768835878
1488,112.90489167200735,217.39436777412175,780.0048456292274,1159.3207972954333
1489,112.68568962678364,217.12878408063773,779.7245812154611,1159.0762975012804
1490,112.46685901437002,216.86349166252694,779.4444382851344,1158.8318774637396
1491,112.24839936302851,216.59849027365817,779.1644167781257,1158.5875371466757
1492,112.03031020115702,216.33377966790238,778.8845166342161,1158.3432765137381
1493,111.81259105730237,216.069359599211,778.6047377935043,1158.0990955268235
1494,111.59524146016315,215.80522982156742,778.3250801959985,1157.854994150644
1495,111.37826093859348,215.54139008901473,778.0455437817116,1157.6109723480995
1496,111.16164902158948,215.27784015562872,777.7661284904597,1157.36703008283
1497,110.94540523830699,215.01457977556595,777.4868342626866,1157.1231673181906
1498,110.72952911804873,214.7516087029943,777.2076610384319,1156.8793840170683
1499,110.51402019028353,214.4889266921639,776.928608757533,1156.6356801441416
1500,110.29887798462846,214.22653349736584,776.6496773604612,1156.3920556621445
1501,110.08410203086578,213.96442887293358,776.3708667872771,1156.1485105349695
1502,109.86969185893042,213.70261257326172,776.0921769783592,1155.905044725459
1503,109.65564699892934,213.4410843527877,775.8136078738909,1155.6616581980256
1504,109.44196698112023,213.17984396604015,775.5351594141596,1155.4183509158754
1505,109.2286513359345,212.91889116754066,775.2568315393638,1155.1751228423445
1506,109.01569959396272,212.65822571190313,774.9786241902204,1154.9319739417326
1507,108.80311128595918,212.39784735379237,774.7005373066299,1154.68890417777
1508,108.59088594286482,212.13775584790767,774.4225708295312,1154.4459135137145
1509,108.37902309576555,211.87795094901946,774.1447246989399,1154.2030019131143
1510,108.1675222759344,211.61843241197084,773.8669988554994,1153.960169339652
1511,107.95638301481063,211.35919999161763,773.5893932399619,1153.7174157576167
1512,107.74560484400843,211.10025344289068,773.3119077925691,1153.47474113083
1513,107.53518729531163,210.84159252078985,773.0345424538821,1153.2321454225062
1514,107.32512990069279,210.58321698035013,772.7572971646695,1152.989628596602
1515,107.1154321922885,210.32512657669054,772.4801718653997,1152.7471906176793
1516,106.90609370241987,210.06732106496054,772.2031664969592,1152.5048314482995
1517,106.69711396358798,209.80980020037555,771.926280999826,1152.2625510534826
1518,106.4884925084732,209.55256373820293,771.6495153149014,1152.0203493971048
1519,106.28022886994745,209.29561143379328,771.3728693828798,1151.778226442214
1520,106.07232258105,209.03894304253163,771.0963431444633,1151.5361821537508
1521,105.86477317502124,208.7825583198652,770.8199365406706,1151.294216494578
1522,105.65758018527958,208.52645702130667,770.5436495121121,1151.0523294297377
1523,105.4507431454308,208.27063890242084,770.2674819997112,1150.810520922837
1524,105.24426158927622,208.0151037188565,769.9914339447065,1150.5687909378694
1525,105.03813505080393,207.75985122625946,769.7155052875188,1150.3271394388998
1526,104.83236306418848,207.5048811804337,769.4396959694996,1150.0855663899888
1527,104.62694516381043,207.2501933371624,769.1640059315909,1149.8440717553358
1528,104.42188088422643,206.9957874523211,768.888435114639,1149.602655499203
1529,104.21716976020355,206.74166328184845,768.6129834598032,1149.3613175852502
1530,104.01281132669783,206.48782058173936,768.3376509083512,1149.120057978193
1531,103.80880511887335,206.23425910805202,768.062437401243,1148.8788766418286
1532,103.60515067207177,205.9809786169286,767.7873428797539,1148.637773540684
1533,103.4018475218586,205.72797886452815,767.512367284854,1148.3967486387212
1534,103.19889520399056,205.47525960710232,767.2375105579271,1148.1558019002516
1535,102.99629325443073,205.22282060098632,766.9627726401599,1147.9149332896886
1536,102.79404120933611,204.97066160254406,766.688153472839,1147.674142770869
1537,102.59213860507793,204.7187823682208,766.4136529972608,1147.4334303089477
1538,102.3905849782384,204.46718265452716,766.1392711548236,1147.1927958678957
1539,102.18937986559422,204.21586221803227,765.8650078868292,1146.9522394114629
1540,101.98852280414053,203.964820815366,765.5908631347864,1146.7117609046813
1541,101.78801333108152,203.7140582032547,765.3168368400011,1146.47136031201
1542,101.5878509838301,203.463574138441,765.0429289438869,1146.2310375974293
1543,101.38803530001769,203.21336837778176,764.7691393880649,1145.9907927258178
1544,101.188565817474,202.96344067818097,764.4954681140568,1145.7506256615432
1545,100.98944207426541,202.7137907966046,764.2219150632817,1145.5105363690732
1546,100.79066360865545,202.46441849010773,763.9484801774736,1145.2705248122995
1547,100.59222995914138,202.21532351577048,763.6751633981605,1145.0305909566503
1548,100.39414066441941,201.9665056307955,763.4019646668753,1144.790734766218
1549,100.19639526342712,201.7179645924158,763.1288839254578,1144.5509562059508
1550,99.99899329530251,201.46970015792772,762.8559211156502,1144.3112552397192
1551,99.80193429941892,201.22171208475152,762.5830761790926,1144.0716318329592
1552,99.60521781536966,200.97400013031745,762.3103490575303,1143.8320859495977
1553,99.40884338296712,200.72656405215912,762.0377396927103,1143.5926175549566
1554,99.21281054225824,200.47940360784833,761.7652480265868,1143.3532266130899
1555,99.01711883350902,200.2325185550801,761.4928740009085,1143.1139130894148
1556,98.82176779721988,199.98590865157757,761.2206175576341,1142.874676948119
1557,98.62675697410225,199.73957365513127,760.9484786385168,1142.6355181535275
1558,98.43208590512518,199.49351332363528,760.6764571857206,1142.3964366715004
1559,98.2377541314703,199.2477274150425,760.4045531412064,1142.1574324661738
1560,98.04376119455117,199.0022156873706,760.1327664467315,1141.9185055020293
1561,97.85010663602338,198.75697789870537,759.8610970445659,1141.6796557448015
1562,97.65678999776912,198.51201380724694,759.5895448766751,1141.4408831588185
1563,97.46381082191112,198.26732317120502,759.3181098851227,1141.202187708759
1564,97.27116865080723,198.02290574889423,759.0467920121843,1140.963569359656
1565,97.07886302705163,197.77876129873619,758.7755911998244,1140.725028076602
1566,96.88689349348306,197.5348895791692,758.5045073902131,1140.4865638244735
1567,96.69525959316331,197.29129034873006,758.2335405259353,1140.248176568205
1568,96.5039608694218,197.04796336604954,757.9626905488527,1140.0098662727664
1569,96.31299686580462,196.80490838979938,757.6919574013409,1139.7716329026105
1570,96.12236712611593,196.5621251787453,757.4213410256766,1139.533476423446
1571,95.93207119439671,196.3196134917397,757.1508413642345,1139.2953968004651
1572,95.74210861494316,196.07737308769583,756.8804583592897,1139.0573939982833
1573,95.55247893228466,195.83540372560094,756.6101919535249,1138.819467981612
1574,95.36318169120943,195.5937051645118,756.340042089009,1138.5816187164146
1575,95.17421643673867,195.3522771636093,756.070008708424,1138.3438461674923
1576,94.98558271416846,195.1111194820861,755.800091754247,1138.1061502997538
1577,94.79728006901746,194.8702318792598,755.5302911687487,1137.8685310784558
1578,94.60930804707505,194.6296141144959,755.2606068946095,1137.6309884688417
1579,94.42166619437558,194.38926594727684,754.991038874611,1137.3935224360457
1580,94.23435405720659,194.14918713711438,754.7215870510217,1137.1561329451547
1581,94.04737118211824,193.90937744364646,754.4522513668263,1136.9188199620032
1582,93.86071711590125,193.66983662655014,754.1830317643913,1136.6815834511954
1583,93.6743914056218,193.4305644456183,753.9139281864948,1136.4444233783647
1584,93.48839359858869,193.1915606606948,753.6449405759109,1136.2073397085676
1585,93.30272324237626,192.95282503171825,753.3760688754152,1135.9703324072814
1586,93.11737988481286,192.7143573186878,753.1073130275705,1135.733401440296
1587,92.93236307400105,192.47615728171854,752.8386729754579,1135.496546771917
1588,92.74767235829086,192.238224680994,752.5701486618453,1135.2597683684257
1589,92.56330728629791,192.0005592767576,752.3017400294956,1135.0230661951514
1590,92.37926740691523,191.76316082935898,752.0334470213805,1134.7864402169535
1591,92.19555226927594,191.52602909921723,751.765269580567,1134.5498904002593
1592,92.01216142280202,191.2891638468293,751.4972076497125,1134.3134167090802
1593,91.82909441717061,191.05256483279936,751.2292611719834,1134.077019110258
1594,91.6463508023262,190.81623181778218,750.961430090441,1133.8406975689027
1595,91.46393012849285,190.58016456254916,750.6937143482471,1133.604452050397
1596,91.28183194614462,190.34436282793047,750.4261138881501,1133.3682825199721
1597,91.1000558060449,190.10882637483564,750.1586286535106,1133.1321889441151
1598,90.91860125922165,189.87355496428188,749.8912585871732,1132.8961712875312
1599,90.73746785697313,189.6385483573464,749.6240036328002,1132.6602295161756
1600,90.55665515087605,189.4038063152126,749.356863733127,1132.424363595823
1601,90.3761626927701,189.1693285991439,749.0898388315031,1132.1885734922648
1602,90.19599003479493,188.93511497047302,748.8229288713736,1131.9528591704616
1603,90.0161367293357,188.70116519064152,748.556133795978,1131.7172205969418
1604,89.83660232907494,188.46747902115726,748.2894535483456,1131.4816577367885
1605,89.65738638697349,188.2340562236201,748.0228880721181,1131.2461705557153
1606,89.47848845625924,188.0008965597276,747.7564373105218,1131.010759020157
1607,89.29990809044887,187.76799979124564,747.4901012070882,1130.7754230956652
1608,89.12164484334482,187.53536568003983,747.2238797051388,1130.5401627478564
1609,88.94369826901584,187.3029939880555,746.957772748196,1130.304977941794
1610,88.76606792182713,187.07088447732485,746.6917802797776,1130.0698686447324
1611,88.58875335642472,186.83903690999034,746.4259022431927,1129.8348348218956
1612,88.41175412773612,186.607451048254,746.160138582258,1129.5998764387805
1613,88.23506979097408,186.37612665440724,745.8944892404801,1129.364993461639
1614,88.05869990164217,186.14506349084934,745.6289541614584,1129.1301858567392
1615,87.8826440155301,185.91426132005063,745.363533288691,1128.8954535892294
1616,87.70690168871135,185.68371990458854,745.0982265660771,1128.66079662608
1617,87.53147247755317,185.45343900711134,744.8330339372048,1128.4262149322713
1618,87.35635593871552,185.22341839036653,744.5679553458624,1128.191708474278
1619,87.18155162913911,184.99365781719996,744.3029907356268,1127.957277218393
1620,87.00705910606769,184.76415705051932,744.0381400504812,1127.7229211300291
1621,86.83287792702697,184.53491585335803,743.7734032340944,1127.4886401755589
1622,86.65900764984974,184.3059339888224,743.5087802305413,1127.2544343211698
1623,86.48544783264504,184.0772112201057,743.2442709833775,1127.0203035330294
1624,86.31219803383703,183.84874731049354,742.979875436768,1126.7862477765068
1625,86.1392578121314,183.6205420233972,742.7155935345637,1126.5522670188307
1626,85.9666267265361,183.39259512224282,742.4514252207164,1126.3183612254925
1627,85.79430433635446,183.16490637063134,742.1873704390629,1126.0845303629026
1628,85.62229020119378,182.93747553221544,741.923429134052,1125.8507743969158
1629,85.45058388095424,182.71030237072864,741.6596012492068,1125.617093294475
1630,85.27918493584434,182.4833866500403,741.3958867290628,1125.3834870212274
1631,85.1080929263602,182.25672813408357,741.1322855173355,1125.1499555432533
1632,84.9373074133174,182.0303265868705,740.8687975584465,1124.9164988275916
1633,84.7668279578221,181.80418177254114,740.6054227964033,1124.6831168395015
1634,84.59665412128402,181.57829345530774,740.3421611755133,1124.4498095461386
1635,84.42678546542447,181.35266139948135,740.0790126399717,1124.2165769141136
1636,84.25722155226731,181.12728536947202,739.8159771339767,1123.983418908862
1637,84.08796194413674,180.90216512978986,739.553054601914,1123.7503354973942
1638,83.9190062036696,180.67730044502707,739.2902449878587,1123.5173266455965
1639,83.75035389381583,180.45269107987338,739.0275482364934,1123.284392320602
1640,83.58200457781572,180.22833679910127,738.7649642919806,1123.0515324880853
1641,83.41395781924746,180.00423736761923,738.5024930987836,1122.8187471149722
1642,83.24621318195886,179.78039255040812,738.2401346012556,1122.5860361673815
1643,83.07877023014385,179.5568021125206,737.9778887439455,1122.3533996123606
1644,82.91162852828757,179.33346581914566,737.7157554711938,1122.1208374161506
1645,82.74478764121261,179.11038343554583,737.4537347277368,1121.888349545296
1646,82.5782471340259,178.88755472709124,737.1918264580014,1121.6559359661192
1647,82.41200657216405,178.6649794592439,736.9300306065049,1121.423596645614
1648,82.24606552137163,178.44265739757384,736.6683471178618,1121.19133155026
1649,82.08042354771237,178.22058830773335,736.4067759368811,1120.9591406464683
1650,81.91508021756488,177.99877195547504,736.1453170080576,1120.727023900882
1651,81.75003509762564,177.77720810664187,735.8839702760827,1120.49498128036
1652,81.58528775491254,177.55589652723188,735.6227356855371,1120.2630127515745
1653,81.42083775675303,177.3348369832437,735.361613181604,1120.031118280976
1654,81.25668467079788,177.11402924087452,735.1006027086445,1119.7992978355983
1655,81.0928280650196,176.89347306634102,734.8397042117228,1119.5675513817189
1656,80.92926750770869,176.6731682260248,734.5789176354867,1119.3358788865353
1657,80.76600256748429,176.45311448634175,734.318242924883,1119.1042803169757
1658,80.60303281327333,176.23331161387364,734.0576800248477,1118.872755639447
1659,80.44035781434434,176.01375937525597,733.797228880207,1118.6413048207069
1660,80.27797714027042,175.79445753724372,733.5368894357773,1118.4099278275733
1661,80.11589036095984,175.5754058666729,733.2766616369781,1118.1786246272452
1662,79.95409704664553,175.35660413051824,733.0165454284038,1117.9473951866141
1663,79.79259676788502,175.1380520958345,732.7565407552511,1117.7162394720974
1664,79.63138909556233,174.9197495297517,732.4966475626052,1117.4851574509833
1665,79.47047360088607,174.70169619956266,732.2368657955416,1117.2541490901385
1666,79.30984985539612,174.4838918725883,731.9771953991276,1117.0232143566839
1667,79.14951743095446,174.26633631631455,731.71763631852,1116.7923532166087
1668,78.98947589976581,174.04902929830916,731.4581884989706,1116.5615656383852
1669,78.82972483435015,173.83197058620442,731.1988518857195,1116.3308515881613
1670,78.67026380756317,173.61515994781496,730.9396264237937,1116.1002110329596
1671,78.51109239260165,173.3985971509834,730.6805120585145,1115.8696439399505
1672,78.35221016297521,173.18228196368966,730.421508735399,1115.6391502766019
1673,78.19361669254488,172.96621415400614,730.1626163996476,1115.408730009252
1674,78.03531155549263,172.75039349013127,729.9038349965509,1115.1783831058137
1675,77.87729432633614,172.53481974033855,729.6451644714915,1114.9481095326964
1676,77.71956457993258,172.31949267303025,729.3866047699444,1114.7179092573128
1677,77.562121891473,172.10441205668963,729.1281558373737,1114.4877822468466
1678,77.40496583648292,171.8895776599294,728.8698176190269,1114.2577284688277
1679,77.24809599082084,171.67498925143627,728.6115900606529,1114.0277478898925
1680,77.09151193069249,171.46064660003196,728.353473107682,1113.7978404773535
1681,76.93521323263371,171.24654947463284,728.0954667055353,1113.5680061986245
1682,76.77919947351427,171.03269764425534,727.8375708000277,1113.338245020801
1683,76.6234702305585,170.81909087803467,727.5797853367625,1113.1085569114102
1684,76.46802508132089,170.60572894518896,727.3221102611245,1112.8789418376628
1685,76.31286360368972,170.39261161504828,727.0645455188969,1112.6493997665393
1686,76.15798537590808,170.1797386570861,726.8070910558511,1112.419930666355
1687,76.00338997655342,169.9671098408346,726.5497468176441,1112.1905345032585
1688,75.84907698454356,169.75472493596988,726.292512750125,1111.9612112450159
1689,75.69504597914704,169.54258371223625,726.035388798929,1111.7319608594512
1690,75.54129653996813,169.3306859395118,725.7783749098813,1111.502783313545
1691,75.38782824695716,169.11903138777882,725.5214710288985,1111.2736785749053
1692,75.23464068041505,168.90761982714696,725.2646771018834,1111.0446466111914
1693,75.08173342097814,168.69645102777235,725.0079930745243,1110.8156873892701
1694,74.92910604964152,168.48552475998508,724.7514188929053,1110.5868008774878
1695,74.77675814772795,168.27484079419878,724.4949545029938,1110.357987042201
1696,74.62468929693091,168.0643989009202,724.2385998507482,1110.1292458522062
1697,74.47289907927279,167.8541988507826,723.9823548821112,1109.9005772742084
1698,74.32138707713216,167.64424041453128,723.7262195430151,1109.6719812756423
1699,74.17015287323522,167.4345233630121,723.4701937797845,1109.4434578251826
1700,74.01919605066018,167.22504746719096,723.2142775383288,1109.215006889374
1701,73.86851619283289,167.0158124981083,722.9584707648432,1108.986628435818
1702,73.71811288353035,166.80681822697693,722.7027734055155,1108.7583224326909
1703,73.56798570687454,166.5980644250501,722.4471854062124,1108.530088847374
1704,73.41813424735221,166.38955086374415,722.1917067136023,1108.3019276479204
1705,73.26855808979644,166.18127731456764,721.9363372737298,1108.0738388014393
1706,73.11925681938953,165.97324354912314,721.6810770327284,1107.8458222764293
1707,72.9702300216668,165.76544933916773,721.4259259368196,1107.6178780397781
1708,72.82147728253062,165.55789445651567,721.1708839328204,1107.3900060598116
1709,72.67299818821743,165.35057867312696,720.9159509664192,1107.1622063041466
1710,72.52479232533312,165.14350176105563,720.6611269845088,1106.9344787402185
1711,72.37685928084159,164.93666349250066,720.4064119331528,1106.706823336474
1712,72.22919864204903,164.73006363972786,720.1518057591153,1106.4792400604078
1713,72.08180999663296,164.52370197512255,719.8973084084349,1106.2517288799118
1714,71.93469293261933,164.31757827123408,719.6429198279501,1106.024289762642
1715,71.78784703839199,164.11169230066025,719.3886399638717,1105.7969226766454
1716,71.64127190269744,163.90604383612742,719.134468763112,1105.5696275902133
1717,71.49496711464178,163.70063265051613,718.8804061719577,1105.342404470884
1718,71.34893226368285,163.49545851674873,718.6264521369861,1105.1152532864862
1719,71.20316693964878,163.290521207927,718.3726066051657,1104.8881740049546
1720,71.0576707327183,163.08582049723861,718.1188695226399,1104.661166594851
1721,70.91244323343585,162.88135615798058,717.8652408365509,1104.434231023598
1722,70.76748403270915,162.67712796356193,717.6117204933169,1104.2073672591946
1723,70.62279272180501,162.47313568751963,717.3583084396453,1103.9805752701823
1724,70.47836889234986,162.2693791034926,717.1050046226363,1103.7538550240001
1725,70.33421213634324,162.0658579852302,716.8518089888655,1103.527206489296
1726,70.1903220461337,161.86257210662882,716.5987214850965,1103.300629633622
1727,70.04669821444588,161.6595212416512,716.3457420582848,1103.0741244253986
1728,69.90334023436617,161.45670516442362,716.0928706552628,1102.8476908329553
1729,69.76024769933974,161.2541236491478,715.8401072229551,1102.621328824157
1730,69.61742020318445,161.0517764701633,715.5874517082678,1102.3950383674883
1731,69.47485734007842,160.84966340191147,715.3349040581948,1102.168819430536
1732,69.33255870457117,160.6477842189446,715.0824642197116,1101.9426719816129
1733,69.19052389157207,160.4461386959788,714.8301321397815,1101.7165959893678
1734,69.048752496367,160.24472660777917,714.5779077655535,1101.490591422173
1735,68.90724411460383,160.0435477292565,714.3257910440598,1101.2646582472585
1736,68.76599834229671,159.8426018354604,714.0737819224181,1101.0387964343481
1737,68.6250147758335,159.6418887015236,713.8218803476284,1100.813005950777
1738,68.48429301196882,159.4414081027079,713.5700862669798,1100.5872867648009
1739,68.34383264782491,159.2411598143857,713.3183996276426,1100.3616388451078
1740,68.20363328089843,159.0411436120587,713.0668203767732,1100.136062160057
1741,68.06369450905106,158.84135927135594,712.8153484617114,1099.9105566781627
1742,67.92401593052261,158.64180656798328,712.5639838297844,1099.6851223672716
1743,67.78459714392079,158.44248527780087,712.3127264278942,1099.4597591958998
1744,67.6454377482163,158.24339517677106,712.0615762038412,1099.2344671330086
1745,67.50653734276659,158.0445360409766,711.8105331044948,1099.0092461469426
1746,67.36789552729476,157.84590764662744,711.5595970777231,1098.7840962054738
1747,67.22951190189337,157.64750977004542,711.308768070666,1098.5590172780107
1748,67.09138606703664,157.44934218764593,711.0580460308553,1098.3340093323814
1749,66.95351762356802,157.2514046760166,710.8074309057006,1098.1090723371956
1750,66.81590617270297,157.0536970118111,710.5569226424964,1097.8842062610092
1751,66.67855131603619,156.8562189718483,710.3065211891264,1097.6594110725393
1752,66.541452655537,156.65897033302167,710.0562264929514,1097.4346867404483
1753,66.40460979354498,156.46195087237163,709.8060385015167,1097.210033232885
1754,66.26802233278443,156.2651603670663,709.5559571624531,1096.9854505192934
1755,66.1316898763506,156.0685985943593,709.3059824233712,1096.7609385673068
1756,65.99561202771423,155.87226533164903,709.0561142319692,1096.5364973461376
1757,65.85978839072584,155.6761603564638,708.8063525359247,1096.3121268244856
1758,65.72421856961677,155.48028344641568,708.5566972829001,1096.0878269706568
1759,65.58890216898425,155.28463437927155,708.30714842074,1095.863597753508
1760,65.45383879381853,155.08921293290086,708.0577058968687,1095.6394391420756
1761,65.31902804948123,154.8940188853095,707.8083696596018,1095.4153511046475
1762,65.18446954170912,154.69905201458948,707.559139656328,1095.1913336101306
1763,65.05016287662863,154.50431209900296,707.3100158351228,1094.9673866272037
1764,64.91610766074018,154.30979891690686,707.0609981438479,1094.7435101254518
1765,64.78230350092161,154.11551224676043,706.8120865302376,1094.5197040724127
1766,64.64875000443953,153.92145186718574,706.5632809424177,1094.295968437541
1767,64.51544677893196,153.72761755688953,706.314581328192,1094.0723031899624
1768,64.38239343242435,153.53400909473362,706.0659876356473,1093.8487082982747
1769,64.24958957332444,153.34062625967238,705.8174998126503,1093.6251837311322
1770,64.11703481041553,153.1474688307983,705.5691178075575,1093.4017294578666
1771,63.984728752871376,152.95453658732265,705.3208415680953,1093.178345446616
1772,63.85267101024118,152.7618293085859,705.0726710424802,1092.9550316673797
1773,63.72086119246711,152.56934677402944,704.8246061789085,1092.731788088403
1774,63.58929890986593,152.37708876324518,704.5766469253572,1092.5086146789401
1775,63.45798377313696,152.18505505593373,704.3287932301881,1092.285511407563
1776,63.326915393370825,151.9932454319079,704.0810450415388,1092.062478244257
1777,63.19609338204117,151.8016596711401,703.8334023075327,1091.8395151570787
1778,63.065517350998675,151.61029755367906,703.5858649764714,1091.6166221152048
1779,62.935186912488575,151.41915885973754,703.3384329968429,1091.3937990880413
1780,62.805101679139966,151.22824336961094,703.0911063166101,1091.1710460444806
1781,62.67526126396581,151.0375508637677,702.8438848844214,1090.948362953513
1782,62.54566528036361,150.84708112276974,702.596768648505,1090.725749784705
1783,62.41631334211547,150.65683392730682,702.3497575572676,1090.503206507099
1784,62.287205063399654,150.46680905817902,702.1028515590991,1090.2807330891662
1785,62.158340058770136,150.27700629633364,701.8560506024711,1090.058329500679
1786,62.0297179431775,150.08742542284358,701.6093546359343,1089.835995710213
1787,61.9013383319525,149.89806621889454,701.3627636077175,1089.613731688211
1788,61.77320084082447,149.7089284658083,701.1162774667365,1089.3915374024414
1789,61.64530508589604,149.52001194499985,700.8698961613821,1089.1694128231663
1790,61.517650683669615,149.33131643806144,700.6236196400253,1088.9473579194528
1791,61.39023725103681,149.14284172667055,700.3774478516219,1088.725372660132
1792,61.26306440526963,148.95458759263238,700.1313807446032,1088.503457014993
1793,61.13613176403817,148.76655381790033,699.8854182677845,1088.2816109532582
1794,61.0094389453979,148.578740184538,699.6395603696564,1088.059834443909
1795,60.88298556779773,148.3911464747374,699.3938069989922,1087.8381274565545
1796,60.75677125007047,148.20377247081888,699.1481581047487,1087.6164899605642
1797,60.63079561144724,148.0166179552134,698.9026136353535,1087.394921925361
1798,60.50505827154217,147.82968271051277,698.6571735399237,1087.1734233201355
1799,60.37955885037121,147.64296651940504,698.4118377670478,1086.9519941146941
1800,60.25429696833356,147.45646916470344,698.1666062656996,1086.7306342779889
1801,60.12927224621893,147.27019042937604,697.9214789847294,1086.509343779645
1802,60.00448430521607,147.08413009649337,697.6764558730681,1086.288122589283
1803,59.8799327668998,146.89828794925313,697.4315368797268,1086.0669706764038
1804,59.755617253242804,146.71266377099812,697.1867219534926,1085.8458880100468
1805,59.63153738660333,146.5272573451731,696.9420110433323,1085.6248745610083
1806,59.50769278974218,146.34206845537653,696.6974040984977,1085.4039302969484
1807,59.38408308579943,146.15709688531706,696.4529010679116,1085.1830551887667
1808,59.260707898326814,145.9723424188404,696.2085019005806,1084.9622492057574
1809,59.1375668512556,145.78780483991034,695.9642065456874,1084.7415123172714
1810,59.014659568917295,145.60348393262723,695.7200149521956,1084.5208444934487
1811,58.89198567603529,145.41937948121165,695.4759270694461,1084.3002457030505
1812,58.76954479772968,145.2354912700266,695.2319428466618,1084.0797159163208
1813,58.64733655951528,145.0518190835478,694.9880622327361,1083.8592551030893
1814,58.52536058729862,144.86836270637764,694.7442851771497,1083.6388632327319
1815,58.4036165073839,144.68512192327103,694.5006116291567,1083.4185402748378
1816,58.282103946473796,144.50209651907767,694.2570415378908,1083.1982861995075
1817,58.160822531658766,144.31928627880734,694.0135748528644,1082.9781009758622
1818,58.039771890433656,144.13669098758112,693.7702115232674,1082.7579845743285
1819,57.91895165068121,143.95431043065628,693.5269514983668,1082.5379369641846
1820,57.798361440690144,143.77214439340844,693.2837947279096,1082.317958115675
1821,57.67800088914015,143.59019266135795,693.0407411610202,1082.0980479980599
1822,57.557869625105525,143.40845502014372,692.7977907470984,1081.8782065817406
1823,57.43796727805943,143.2269312555403,692.5549434357245,1081.658433835796
1824,57.318293477874306,143.04562115344265,692.3121991765574,1081.438729731007
1825,57.19884785481895,142.86452449988758,692.0695579188301,1081.2190942362108
1826,57.07963003956144,142.68364108103276,691.8270196123558,1080.999527322288
1827,56.96063966316342,142.50297068318685,691.5845842064214,1080.7800289591419
1828,56.84187635708696,142.3225130927451,691.3422516507972,1080.5605991155317
1829,56.72333975319248,142.14226809627064,691.100021895227,1080.341237762428
1830,56.60502948373954,141.96223548045475,690.8578948891319,1080.1219448696008
1831,56.486945181385636,141.7824150320987,690.6158705823098,1079.902720407146
1832,56.36908647918597,141.60280653815664,690.3739489245388,1079.6835643440236
1833,56.2514530105957,141.42340978569155,690.1321298655698,1079.4644766516824
1834,56.13404440946994,141.244224561912,689.8904133549313,1079.2454572998076
1835,56.01686031006244,141.06525065416088,689.6487993426329,1079.0265062577241
1836,55.899900347026005,140.8864878498922,689.4072877783547,1078.8076234961798
1837,55.783164155411555,140.70793593672738,689.1658786119593,1078.5888089848831
1838,55.66665137067764,140.52959470238318,688.9245717934817,1078.370062693713
1839,55.55036162867157,140.3514639347187,688.6833672726351,1078.1513845937875
1840,55.4342945656461,140.17354342172075,688.4422649994096,1077.932774654455
1841,55.31844981826072,139.9958329515357,688.2012649237707,1077.714232845903
1842,55.20282702356519,139.81833231240387,687.9603669956606,1077.495759138264
1843,55.08742581901345,139.64104129271732,687.7195711650974,1077.277353502164
1844,54.972245842463394,139.46395968100285,687.4788773820767,1077.0590159074309
1845,54.85728673217022,139.28708726589832,687.2382855966683,1076.840746324222
1846,54.7425481267926,139.1104238362093,686.9977957590191,1076.6225447227434
1847,54.6280296653934,138.93396918084306,686.7574078190519,1076.4044110732511
1848,54.513730987426925,138.75772308884189,686.5171217271652,1076.1863453466763
1849,54.399651732759594,138.5816853494082,686.2769374332323,1075.968347512743
1850,54.28579154165692,138.40585575183775,686.036854887705,1075.7504175412219
1851,54.172150054780445,138.23023408558595,685.7968740406068,1075.5325554038213
1852,54.058726913206044,138.054820140243,685.5569948422399,1075.314761069716
1853,53.945521758394364,137.87961370550113,685.3172172429821,1075.0970345095188
1854,53.83253423222658,137.70461457123633,685.0775411929833,1074.8793756938176
1855,53.7197639769754,137.52982252741037,684.8379666424721,1074.6617845928513
1856,53.607210635317074,137.3552373641362,684.5984935420507,1074.4442611770237
1857,53.49487385033643,137.1808588716699,684.359121841897,1074.2268054167282
1858,53.38275326551508,137.00668684038476,684.1198514924649,1074.0094172827517
1859,53.27084852473894,136.8327210608055,683.8806824440798,1073.7920967449545
1860,53.159159272299576,136.65896132357557,683.6416146473478,1073.574843773873
1861,53.04768515288583,136.48540741945658,683.4026480527456,1073.3576583407819
1862,52.9364258116035,136.3120591394005,683.1637826107258,1073.1405404152779
1863,52.825380893942565,136.1389162744381,682.9250182717147,1072.9234899684484
1864,52.71455004581202,135.9659786157498,682.6863549863159,1072.706506970676
1865,52.60393291351755,135.7932459546597,682.4477927051057,1072.4895913923915
1866,52.49352914377107,135.62071808262522,682.2093313787361,1072.2727432041938
1867,52.38333838368999,135.44839479123834,681.970970958032,1072.0559623768327
1868,52.27336028078878,135.27627587220115,681.732711393293,1071.8392488810018
1869,52.16359448299448,135.10436111738204,681.4945526352933,1071.6226026866327
1870,52.05404063863085,134.93265031877604,681.2564946347846,1071.406023765148
1871,51.94469839643341,134.76114326849608,681.0185373425857,1071.1895120871955
1872,51.8355674055353,134.589839758812,680.7806807093957,1070.9730676229735
1873,51.726647315481216,134.41873958212955,680.5429246860854,1070.7566903430074
1874,51.617937776216934,134.2478425309638,680.3052692232995,1070.5403802190674
1875,51.50943843808682,134.07714839798018,680.0677142719572,1070.3241372205139
1876,51.401148951850416,133.90665697598467,679.8302597829504,1070.1079613192726
1877,51.29306896866507,133.73636805792705,679.5929057071448,1069.8918524857143
1878,51.185198140099885,133.5662814368659,679.3556519953821,1069.675810690253
1879,51.07753611811887,133.39639690601769,679.118498598775,1069.4598359039815
1880,50.97008255510161,133.22671425870908,678.8814454682105,1069.2439280974722
1881,50.86283710382622,133.05723328843237,678.6444925546496,1069.0280872418462
1882,50.75579941747998,132.8879537888131,678.407639809026,1068.8123133080562
1883,50.64896914964942,132.7188755535874,678.1708871826465,1068.5966062667499
1884,50.54234595433587,132.5499983766406,677.934234626492,1068.380966088625
1885,50.43592948593715,132.38132205200748,677.6976820915168,1068.1653927444227
1886,50.329719399261876,132.2128463738402,677.4612295289458,1067.9498862055657
1887,50.223715349524184,132.044571136449,677.2248768898808,1067.7344464428902
1888,50.11791699234169,131.8764961342374,676.9886241256933,1067.519073427211
1889,50.01232398373736,131.70862116179796,676.7524711872295,1067.3037671295308
1890,49.906935980142634,131.54094601383338,676.516418026007,1067.0885275211022
1891,49.80175263839266,131.37347048517904,676.2804645932183,1066.87335457197
1892,49.69677361572815,131.20619437079597,676.0446108401256,1066.6582482544673
1893,49.591998569800865,131.03911746584185,675.808856718067,1066.4432085387298
1894,49.4874271586595,130.87223956554465,675.5732021782495,1066.22823539592
1895,49.38305904076674,130.70556046528134,675.3376471721562,1066.0133287968983
1896,49.27889387498516,130.53907996060082,675.1021916510396,1065.7984887132675
1897,49.17493132059121,130.37279784716952,674.8668355666262,1065.5837151155679
1898,49.07117103726006,130.20671392075621,674.6315788700205,1065.3690079758412
1899,48.967612685077256,130.04082797733315,674.3964215126816,1065.1543672641537
1900,48.86425592453088,129.87513981295763,674.1613634462586,1064.939792952229
1901,48.761100416521174,129.7096492238452,673.9264046222634,1064.7252850109194
1902,48.65814582234833,129.54435600635065,673.6915449920857,1064.5108434116937
1903,48.55539180372534,129.3792599569539,673.4567845073827,1064.2964681257786
1904,48.45283802276174,129.21436087227664,673.2221231198844,1064.0821591241656
1905,48.35048414198849,129.0496585491121,672.9875607807935,1063.8679163778293
1906,48.24832982432622,128.8851527843227,672.7530974421842,1063.6537398584824
1907,48.14637473311336,128.72084337497495,672.5187330555005,1063.439629537125
1908,48.044618532088464,128.5567301182291,672.2844675725612,1063.2255853849972
1909,47.94306088540645,128.3928128114162,672.0503009447488,1063.0116073731879
1910,47.84170145761243,128.2290912519693,671.8162331243328,1062.797695474227
1911,47.74053991367305,128.065565237501,671.5822640626405,1062.5838496574652
1912,47.639575918958315,127.90223456572414,671.3483937117734,1062.370069895808
1913,47.53880913923564,127.73909903452397,671.1146220233062,1062.1563561599603
1914,47.438239240690166,127.57615844188706,670.8809489491832,1061.942708421653
1915,47.33786588990296,127.41341258597026,670.6473744413191,1061.7291266516802
1916,47.23768875387765,127.25086126506415,670.4138984516028,1061.5156108218007
1917,47.13770750000543,127.08850427756693,670.1805209319926,1061.3021609035995
1918,47.037921796095304,126.92634142207169,669.9472418342153,1061.0887768686373
1919,46.93833131036183,126.7643724972578,669.7140611103707,1060.8754586875457
1920,46.83893571142522,126.60259730195855,669.4809787125298,1060.662206332325
1921,46.73973466830887,126.44101563516381,669.2479945927336,1060.449019774676
1922,46.64072785044766,126.27962729599517,669.0151087027928,1060.2358989857094
1923,46.54191492767967,126.11843208369021,668.7823209950898,1060.0228439372177
1924,46.443295570253895,125.95742979766601,668.5496314214774,1059.8098546003307
1925,46.34486944881775,125.79662023743197,668.3170399342782,1059.5969309473496
1926,46.24663623443223,125.63600320268358,668.0845464853861,1059.3840729488643
1927,46.14859559856592,125.47557849321743,667.8521510272626,1059.1712805771276
1928,46.05074721308483,125.31534590899241,667.619853511944,1058.9585538035858
1929,45.95309075026853,125.15530525010763,667.3876538916325,1058.7458925995315
1930,45.855625882805214,124.99545631678473,667.1555521186013,1058.5332969374886
1931,45.75835228378105,124.83579890938654,666.9235481451957,1058.3207667882698
1932,45.661269626699664,124.67633282843701,666.6916419237285,1058.1083021234354
1933,45.56437758545479,124.51705787459127,666.4598334065822,1057.8959029148723
1934,45.467675834363774,124.35797384861382,666.2281225458134,1057.6835691351484
1935,45.37116404814293,124.19908055146209,665.9965092940419,1057.4713007546875
1936,45.27484190191075,124.04037778418524,665.7649936036621,1057.2590977455125
1937,45.17870907119976,123.88186534799615,665.5335754268368,1057.0469600803222
1938,45.08276523194047,123.72354304426074,665.3022547164942,1056.834887729678
1939,44.98701006047514,123.56541067446142,665.0710314248406,1056.6228806657336
1940,44.89144323355356,123.40746804021103,664.8399055042429,1056.4109388606175
1941,44.796064428323575,123.249714943301,664.6088769074422,1056.1990622853746
1942,44.70087332234942,123.09215118562099,664.3779455868487,1055.9872509129273
1943,44.60586959359341,122.93477656924779,664.1471114952395,1055.775504713988
1944,44.511052920424106,122.77759089634878,663.9163745849634,1055.5638236615648
1945,44.41642298162378,122.62059396926941,663.6857348089351,1055.3522077265288
1946,44.32197945637017,122.46378559046207,663.4551921195409,1055.1406568812736
1947,44.22772202425074,122.30716556257221,663.2247464696354,1054.9291710973919
1948,44.1336503652621,122.15073368832964,662.9943978119422,1054.7177503470812
1949,44.03976415980395,121.99448977062502,662.7641460989533,1054.5063946016714
1950,43.94606308868134,121.83843361250331,662.5339912836298,1054.2951038340875
1951,43.852546833105464,121.68256501713927,662.3039333186996,1054.0838780157396
1952,43.759215074687006,121.52688378784683,662.0739721570616,1053.8727171187247
1953,43.666067495454,121.3713897280769,661.844107751284,1053.6616211151095
1954,43.573103777829715,121.21608264144174,661.6143400544005,1053.4505899764392
1955,43.480323604648675,121.06096233166966,661.3846690193137,1053.239623675222
1956,43.387726659145756,120.90602860264062,661.1550945989958,1053.0287221834442
1957,43.295312624965675,120.7512812583808,660.9256167460886,1052.8178854729963
1958,43.20308118615213,120.59672010304678,660.6962354137984,1052.6071135158786
1959,43.111032027160604,120.44234494094792,660.4669505551008,1052.396406284845
1960,43.019164832851175,120.2881555765158,660.2377621228425,1052.185763750997
1961,42.92747928847956,120.13415181435028,660.0086700701348,1051.9751858874588
1962,42.83597507971558,119.98033345916599,659.7796743501574,1051.7646726654139
1963,42.744651892633726,119.82670031585326,659.5507749158592,1051.5542240573704
1964,42.65350941370366,119.67325218940903,659.3219717202574,1051.3438400356604
1965,42.56254732981358,119.51998888496826,659.093264716535,1051.1335205728728
1966,42.47176532824119,119.36691020785531,658.8646538579426,1050.92326564037
1967,42.381163096682826,119.21401596348778,658.6361390974996,1050.7130752108274
1968,42.290740323228874,119.06130595744185,658.4077203886931,1050.502949256114
1969,42.200496696377456,118.90877999542386,658.1793976843775,1050.2928877489962
1970,42.110431905029145,118.75643788333082,657.9511709381732,1050.0828906616425
1971,42.0205456384935,118.60427942712772,657.72304010307,1049.8729579662645
1972,41.930837586475036,118.45230443296975,657.4950051325234,1049.6630896345519
1973,41.84130743909316,118.30051270714182,657.2670659797583,1049.4532856397227
1974,41.75195488686222,118.14890405607218,657.0392225981645,1049.2435459534784
1975,41.662779620700576,117.99747828632769,656.8114749411981,1049.0338705486336
1976,41.57378133193873,117.8462352046331,656.5838229620877,1048.8242593971852
1977,41.48495971230159,117.6951746178197,656.3562666145212,1048.6147124716772
1978,41.39631445391615,117.54429633289396,656.1288058517584,1048.405229744337
1979,41.307845249323066,117.39360015699822,655.9014406272254,1048.1958111876484
1980,41.21955179145726,117.24308589739621,655.6741708945132,1047.9864567742843
1981,41.13143377365617,117.09275336152655,655.4469966071814,1047.777166476525
1982,41.04349088966762,116.94260235693241,655.2199177187562,1047.5679402664211
1983,40.95572283363339,116.79263269134754,654.9929341827295,1047.3587781173312
1984,40.86812930010427,116.64284417259637,654.7660459528597,1047.1496800007524
1985,40.780709984032114,116.49323660868401,654.5392529825724,1046.9406458894937
1986,40.693464580767,116.34380980773733,654.3125552256594,1046.7316757564095
1987,40.60639278606783,116.19456357803381,654.0859526356793,1046.5227695737544
1988,40.519494296089704,116.04549772799407,653.8594451664536,1046.3139273141157
1989,40.43276880739518,115.89661206616859,653.633032771676,1046.1051489501144
1990,40.34621601694681,115.74790640126457,653.4067154050018,1045.896434453855
1991,40.25983562210695,115.59938054213296,653.1804930202544,1045.6877837986863
1992,40.17362732063708,115.45103429776805,652.9543655712206,1045.4791969570742
1993,40.087590810709344,115.30286747728508,652.7283330117571,1045.2706739011774
1994,40.00172579089093,115.15487988997165,652.5023952956841,1045.0622146038297
1995,39.916031960148416,115.00707134523668,652.2765523768874,1044.8538190376294
1996,39.83050901785617,114.85944165263129,652.0508042092202,1044.645487176132
1997,39.74515666378517,114.71199062187907,651.8251507465992,1044.4372189901042
1998,39.65997459810558,114.56471806280285,651.5995919430098,1044.2290144541096
1999,39.57496252139407,114.41762378540432,651.3741277524986,1044.0208735399885
2000,39.490120134621804,114.27070759981359,651.1487581287837,1043.8127962207577
2001,39.40544713916648,114.12396931629542,650.923483026143,1043.6047824689815
2002,39.32094323680087,113.9774087452721,650.6983023984243,1043.3968322571186
2003,39.23660812970007,113.83102569730136,650.4732161998356,1043.1889455581768
2004,39.15244152043965,113.68481998308187,650.2482243844535,1042.9811223456124
2005,39.06844311199535,113.53879141347909,650.0233269063218,1042.7733625911706
2006,38.98461260774042,113.39293979945387,649.7985237195469,1042.5656662685433
2007,38.90094971144998,113.24726495214838,649.5738147784974,1042.3580333500386
2008,38.817454127297935,113.10176668283759,649.3492000371134,1042.150463808234
2009,38.73412555985817,112.95644480295493,649.1246794496964,1041.9429576171588
2010,38.65096371410567,112.81129912403651,648.9002529704117,1041.7355147483986
2011,38.56796829540474,112.66632945780054,648.6759205536923,1041.5281351754998
2012,38.4851390095327,112.52153561610407,648.4516821537313,1041.3208188713368
2013,38.402475562653706,112.37691741091021,648.2275377247933,1041.1135658089747
2014,38.31997766134111,112.23247465438283,648.0034872213026,1040.9063759610126
2015,38.237645012554026,112.08820715877528,647.7795305974508,1040.6992493002417
2016,38.15547732366127,111.94411473651951,647.5556678077902,1040.4921858004175
2017,38.073474302423335,111.8001972001889,647.3318988066426,1040.2851854336955
2018,37.99163565700411,111.6564543624761,647.1082235483917,1040.078248173477
2019,37.909961095958124,111.51288603624505,646.8846419874859,1039.8713739930797
2020,37.828450328242184,111.36949203448421,646.6611540785356,1039.6645628650663
2021,37.7471030632081,111.22627217032561,646.4377597760179,1039.4578147621166
2022,37.665919010607695,111.08322625706319,646.2144590342758,1039.2511296581538
2023,37.58489788058989,110.94035410810966,645.9912518081136,1039.0445075259422
2024,37.5040393836976,110.79765553704124,645.7681380518991,1038.8379483382064
2025,37.42334323086908,110.65513035757454,645.5451177203663,1038.6314520687945
2026,37.34280913344804,110.51277838355975,645.322190768013,1038.4250186901518
2027,37.26243680316543,110.37059942898816,645.0993571459726,1038.2186481758454
2028,37.18222595214843,110.22859330802737,644.8766168195525,1038.0123404987644
2029,37.10217629293021,110.08675983494243,644.6539697330551,1037.8060956322006
2030,37.02228753843036,109.94509882416048,644.4314158441674,1037.5999135488416
2031,36.942559401965866,109.8036100902857,644.2089551082983,1037.3937942230596
2032,36.862991597251664,109.66229344799683,643.986587479732,1037.1877376269053
2033,36.78358383839782,109.52114871218566,643.7643129135083,1036.9817437341153
2034,36.70433583990467,109.3801756978479,643.5421313643353,1036.775812517897
2035,36.62524731667571,109.23937422011954,643.3200427869853,1036.569943951506
2036,36.54631798400078,109.09874409431927,643.0980471364867,1036.3641380083575
2037,36.467547557574164,108.95828513587094,642.8761443676386,1036.1583946611438
2038,36.38893575347453,108.81799716035118,642.6543344354009,1035.9527138838816
2039,36.31048228817889,108.67787998349263,642.4326172945973,1035.7470956498291
2040,36.232186878563084,108.53793342115841,642.2109929003122,1035.5415399317917
2041,36.15404924188789,108.3981572893606,641.9894612072976,1035.3360467034759
2042,36.07606909581335,108.25855140425665,641.7680221708615,1035.1306159380542
2043,35.99824615839174,108.11911558215104,641.5466757457834,1034.9252476093843
2044,35.92058014807162,107.97984963948113,641.3254218873958,1034.71994169028
2045,35.84307078368727,107.84075339284436,641.104260550504,1034.514698154399
2046,35.76571778447345,107.70182665896345,640.8831916902712,1034.309516975282
2047,35.68852087005138,107.56306925471506,640.6622152619218,1034.1043981257392
2048,35.611479760443615,107.42448099712851,640.4413312205453,1033.8993415803131
2049,35.534594176053986,107.28606170335172,640.2205395211951,1033.6943473115366
2050,35.45786383768478,107.14781119071347,639.9998401192828,1033.4894152934687
2051,35.381288466530634,107.00972927665362,639.7792329699838,1033.2845454990065
2052,35.304867784175315,106.87181577876515,639.5587180283416,1033.0797379022047
2053,35.22860151259647,106.73407051479376,639.3382952498525,1032.8749924767621
2054,35.152489374163736,106.59649330261652,639.1179645896838,1032.6703091952513
2055,35.07653109162925,106.4590839602854,638.8977260032574,1032.4656880322905
2056,35.00072638814686,106.32184230594066,638.6775794457654,1032.261128960897
2057,34.9250749872586,106.1847681579253,638.4575248726559,1032.0566319544798
2058,34.84957661289201,106.04786133467007,638.2375622392414,1031.8521969868575
2059,34.77423098936845,105.91112165481661,638.0176915009966,1031.6478240317242
2060,34.69903784139882,105.77454893707932,637.7979126134542,1031.4435130629754
2061,34.62399689408625,105.63814300038393,637.5782255319157,1031.2392640538214
2062,34.54910787291749,105.50190366373386,637.35863021194,1031.0350769781544
2063,34.47437050377698,105.36583074633825,637.1391266088499,1030.830951809629
2064,34.39978451292859,105.22992406750609,636.9197146784265,1030.6268885215754
2065,34.32534962703414,105.09418344672122,636.7003943761157,1030.4228870883644
2066,34.251065573137964,104.95860870357535,636.4811656575235,1030.2189474830448
2067,34.17693207867768,104.82319965784905,636.2620284782192,1030.0150696797064
2068,34.102948871473586,104.6879561294312,636.042982793831,1029.811253652199
2069,34.0291156797399,104.55287793836987,635.8240285598521,1029.6074993734044
2070,33.95543223207221,104.41796490486388,635.6051657322322,1029.4038068184577
2071,33.88189825746218,104.28321684923651,635.3863942663887,1029.200175960399
2072,33.8085134852808,104.14863359198296,635.1677141182921,1028.9966067730725
2073,33.73527764529268,104.01421495370028,634.9491252435796,1028.7930992299625
2074,33.66219046764468,103.87996075517879,634.7306275980498,1028.589653305997
2075,33.58925168287004,103.74587081731886,634.5122211373618,1028.3862689736475
2076,33.516461021893235,103.61194496119163,634.2939058174331,1028.182946208004
2077,33.44381821601928,103.47818300797087,634.0756815939477,1027.9796849819786
2078,33.37132299694798,103.34458477902285,633.8575484229428,1027.7764852699297
2079,33.29897509675078,103.21115009583684,633.639506260224,1027.5733470459395
2080,33.22677424790021,103.07787878002478,633.4215550618486,1027.3702702835178
2081,33.15472018324283,102.94477065337696,633.2036947834475,1027.1672549566601
2082,33.08281263601549,102.81182553782048,632.9859253812012,1026.9643010393975
2083,33.01105133983947,102.6790432554186,632.768246810956,1026.7614085060873
2084,32.93943602872099,102.54642362837103,632.550659028816,1026.5585773301927
2085,32.86796643704696,102.41396647902764,632.3331619907489,1026.3558074854996
2086,32.79664229959167,102.28167162991656,632.1157556527812,1026.153098947127
2087,32.725463351511394,102.1495389036462,631.8984399709994,1025.9504516876436
2088,32.65442932835225,102.01756812302335,631.6812149014522,1025.7478656823278
2089,32.58353996603637,101.88575911097018,631.4640804002481,1025.5453409041074
2090,32.51279500086753,101.7541116905727,631.2470364235546,1025.3428773278913
2091,32.4421941695428,101.62262568504548,631.0300829276944,1025.1404749274993
2092,32.37173720913154,101.49130091773168,630.8132198686619,1024.9381336769006
2093,32.30142385709263,101.36013721216614,630.5964472026046,1024.7358535508354
2094,32.231253851259396,101.22913439199829,630.3797648859311,1024.5336345225153
2095,32.16122692985863,101.09829228101216,630.1631728749056,1024.3314765667524
2096,32.091342831486884,100.96761070315642,629.9466711255631,1024.1293796571126
2097,32.0216012951264,100.83708948251387,629.7302595944857,1023.9273437680372
2098,31.952002060147834,100.70672844330977,629.5139382378253,1023.7253688739859
2099,31.882544866290345,100.57652740991819,629.2977070119889,1023.5234549491954
2100,31.81322945368214,100.44648620686269,629.0815658732438,1023.3216019667374
2101,31.744055562829885,100.31660465880134,628.8655147781159,1023.1198099025846
2102,31.67502293461854,100.18688259054068,628.6495536829931,1022.9180787292388
2103,31.60613131031505,100.05731982702912,628.4336825442225,1022.7164084224696
2104,31.53738043156818,99.92791619335696,628.2179013185046,1022.5147989557785
2105,31.468770040401296,99.79867151477663,628.0022099621101,1022.313250303439
2106,31.40029987921963,99.66958561665388,627.7866084314636,1022.1117624395954
2107,31.331969690807057,99.54065832453125,627.5710966833445,1021.9103353389578
2108,31.263779218323293,99.41188946406407,627.3556746741008,1021.7089689758258
2109,31.195728205312776,99.28327886108377,627.1403423605286,1021.5076633244573
2110,31.127816395690843,99.154826341535,626.925099698995,1021.3064183587541
2111,31.06004353375573,99.02653173153158,626.7099466463168,1021.105234053969
2112,30.992409364181242,98.89839485730658,626.4948831590749,1020.904110383717
2113,30.92491363201907,98.7704155452692,626.2799091939065,1020.7030473230457
2114,30.857556082698295,98.64259362194889,626.0650247075113,1020.5020448452785
2115,30.790336462022367,98.51492891401392,625.8502296564478,1020.3011029261869
2116,30.72325451617644,98.38742124830287,625.6355239978236,1020.1002215395355
2117,30.65630999171367,98.26007045178687,625.4209076881178,1019.8994006592277
2118,30.589502635573638,98.13287635156371,625.2063806841628,1019.6986402605938
2119,30.522832195061028,98.00583877489191,624.9919429429455,1019.4979403180673
2120,30.456298417864275,97.8789575491777,624.7775944210209,1019.2973008060349
2121,30.389901052042262,97.75223250197314,624.5633350754941,1019.0967216983612
2122,30.323639846032336,97.62566346094434,624.3491648629044,1018.8962029701534
2123,30.257514548641836,97.49925025393713,624.1350837406567,1018.6957445962788
2124,30.191524909057136,97.37299270893084,623.9210916651649,1018.4953465503456
2125,30.125670676835682,97.24689065403754,623.7071885937864,1018.2950088075754
2126,30.059951601909063,97.12094391752339,623.4933744831277,1018.0947313426649
2127,29.994367434584206,96.99515232780686,623.2796492904442,1017.8945141296149
2128,29.928917925539395,96.86951571342547,623.0660129725555,1017.6943571437597
2129,29.863602825828707,96.74403390308396,622.8524654867305,1017.4942603592605
2130,29.79842188687121,96.61870672561236,622.6390067898088,1017.2942237508759
2131,29.73337486046978,96.49353401000769,622.4256368389774,1017.094247293035
2132,29.668461498686554,96.36851558539786,622.2123555912879,1016.8943309603792
2133,29.603681554377147,96.24365128103102,621.9991630039437,1016.6944747283414
2134,29.539034780142515,96.11894092634793,621.7860590341104,1016.494678570618
2135,29.474520929366008,95.99438435090758,621.5730436388138,1016.2949424621539
2136,29.41013975570644,95.86998138440822,621.3601167754296,1016.0952663783027
2137,29.345891013188805,95.74573185668658,621.1472784010979,1015.8956502930641
2138,29.281774456208268,95.62163559773808,620.9345284731119,1015.6960941814915
2139,29.217789839532657,95.49769243771027,620.7218669485317,1015.4965980181206
2140,29.1539369182982,95.37390220686882,620.509293784861,1015.2971617783593
2141,29.090215448010383,95.25026473563855,620.2968089393705,1015.097785436076
2142,29.026625184543548,95.12677985458828,620.0844123692865,1014.8984689671239
2143,28.963165884143507,95.0034473944188,619.872104032188,1014.6992123451647
2144,28.899837303419474,94.88026718598871,619.6598838852209,1014.5000155460333
2145,28.836639199357705,94.75723906030896,619.4477518857818,1014.3008785438333
2146,28.773571329304445,94.63436284850007,619.2357079916189,1014.1018013139187
2147,28.710633450978662,94.51163838185511,619.0237521597538,1013.9027838309335
2148,28.647825322465224,94.38906549179791,618.811884347852,1013.7038260697423
2149,28.585146702216093,94.26664400989614,618.6001045136328,1013.5049280050649
2150,28.522597349049477,94.14437376788152,618.3884126140936,1013.3060896127697
2151,28.460177022151356,94.02225459760427,618.1768086072592,1013.1073108660695
2152,28.397885481076116,93.90028633105106,617.9652924503399,1012.9085917418338
2153,28.33572248573995,93.7784688003992,617.7538641010826,1012.7099322137183
2154,28.27368779642751,93.65680183791011,617.5425235170989,1012.511332256996
2155,28.2117811737873,93.5352852760222,617.3312706560549,1012.312791846324
2156,28.150002378838167,93.41391894731748,617.1201054754779,1012.1143109577922
2157,28.08835117295604,93.29270268452791,616.9090279330492,1011.915889565478
2158,28.02682731788792,93.17163632048914,616.6980379865051,1011.7175276444274
2159,27.96543057574135,93.05071968821386,616.4871355936368,1011.5192251699104
2160,27.90416070898837,92.92995262087021,616.2763207121956,1011.3209821170427
2161,27.843017480467154,92.80933495174395,616.0655932995976,1011.122798460699
2162,27.78200065337728,92.68886651425652,615.8549533140925,1010.9246741761652
2163,27.721109991281708,92.56854714199949,615.6444007133069,1010.7266092383876
2164,27.660345258102524,92.44837666870689,615.4339354548214,1010.5286036223499
2165,27.599706218135196,92.32835492822198,615.2235574968608,1010.3306573030728
2166,27.539192636025945,92.2084817545649,615.0132667972134,1010.1327702563552
2167,27.478804276787372,92.08875698189075,614.8030633135319,1009.9349424565436
2168,27.41854090579605,91.96918044449728,614.592947004106,1009.737173879419
2169,27.358402288783907,91.84975197681183,614.3829178266001,1009.5394644995864
2170,27.298388191849597,91.73047141342295,614.1729757389303,1009.3418142928019
2171,27.238498381450086,91.61133858906254,613.9631206994525,1009.1442232340213
2172,27.178732624402784,91.4923533385903,613.7533526658026,1008.9466912985188
2173,27.11909068788296,91.3735154970218,613.5436715960595,1008.7492184612249
2174,27.059572339432208,91.25482489950764,613.334077448551,1008.5518046978576
2175,27.00017734694228,91.13628138135334,613.1245701810776,1008.354449983422
2176,26.940905478673727,91.01788477799278,612.9151497518839,1008.1571542926802
2177,26.881756503237995,90.89963492500158,612.7058161188775,1007.9599176017332
2178,26.822730189607825,90.78153165812353,612.496569240412,1007.7627398854171
2179,26.7638263071199,90.66357481321052,612.2874090746022,1007.5656211195275
2180,26.705044625457504,90.5457642262819,612.0783355795228,1007.3685612786005
2181,26.646384914669994,90.42809973350495,611.8693487135915,1007.1715603388773
2182,26.587846945163847,90.31058117116129,611.6604484348942,1006.9746182750556
2183,26.529430487695123,90.19320837568807,611.4516347016664,1006.7777350627038
2184,26.471135313386498,90.07598118368168,611.2429074722972,1006.580910676869
2185,26.412961193710487,89.9588994318533,611.0342667050344,1006.3841450935643
2186,26.354907900497295,89.84196295708813,610.8257123580819,1006.1874382876276
2187,26.296975205929385,89.72517159637863,610.6172443898957,1005.990790235047
2188,26.239162882553472,89.60852518689694,610.4088627587867,1005.7942009107328
2189,26.181470703261624,89.49202356592974,610.2005674233177,1005.5976702904615
2190,26.1238984413082,89.37566657091759,609.9923583416185,1005.4011983492215
2191,26.066445870296974,89.25945403944036,609.7842354723596,1005.2047850631367
2192,26.009112764186625,89.14338580923123,609.576198773876,1005.0084304069778
2193,25.951898897291926,89.02746171813129,609.3682482045565,1004.8121343572261
2194,25.894804044279738,88.91168160417965,609.1603837230391,1004.6158968887223
2195,25.837827980171,88.79604530551012,608.9526052877227,1004.41971797643
2196,25.78097048033672,88.68055266042785,608.7449128573523,1004.223597597124
2197,25.724231320501616,88.56520350735303,608.5373063902408,1004.0275357252825
2198,25.667610276745904,88.44999768487008,608.329785845143,1003.8315323373758
2199,25.611107125497227,88.33493503170973,608.1223511806733,1003.6355874082285
2200,25.55472164353864,88.22001538672822,607.9150023553062,1003.4397009141035
2201,25.498453607998414,88.10523858892361,607.7077393278589,1003.2438728298957
2202,25.442302796362867,87.99060447745609,607.5005620569121,1003.0481031319374
2203,25.386268986464472,87.87611289159389,607.2934705011018,1002.8523917954718
2204,25.330351956489324,87.76176367079546,607.0864646192107,1002.6567387962468
2205,25.27455148496699,87.64755665461286,606.87954436998,1002.4611441090167
2206,25.218867350784393,87.53349168277578,606.672709712301,1002.2656077114651
2207,25.163299333173512,87.41956859513328,606.4659606047297,1002.0701295771081
2208,25.107847211715097,87.30578723169185,606.2592970062618,1001.8747096830471
2209,25.052510766341925,87.19214743257737,606.0527188755625,1001.6793480048254
2210,24.997289777329485,87.07864903809218,605.8462261715395,1001.4840445176504
2211,24.94218402530646,86.96529188865213,605.6398188530585,1001.2887991975157
2212,24.887193291245353,86.85207582482923,605.4334968790373,1001.0936120199725
2213,24.832317356468593,86.73900068732166,605.2272602084478,1000.8984829613629
2214,24.77755600264632,86.62606631698412,605.0211088000237,1000.7034119970295
2215,24.722909011790364,86.51327255481527,604.8150426128403,1000.5083991027283
2216,24.668376166264977,86.40061924195282,604.6090616059317,1000.3134442545224
2217,24.613957248775733,86.28810621965812,604.4031657383467,1000.1185474281432
2218,24.55965204237563,86.17573332935535,604.1973549688622,999.923708598885
2219,24.505460330464615,86.0635004126072,603.9916292568194,999.7289277434812
2220,24.451381896786614,85.9514073111003,603.7859885610292,999.5342048374778
2221,24.397416525428355,85.83945386669632,603.580432840593,999.3395398559031
2222,24.343564000821118,85.72763992136322,603.3749620548583,999.1449327759636
2223,24.28982410774364,85.61596531722421,603.1695761628391,998.9503835729356
2224,24.236196631315607,85.5044298965654,602.9642751235028,998.7558922226048
2225,24.182681356997847,85.39303350177732,602.759058896354,998.5614587013474
2226,24.129278070600094,85.28177597540673,602.553927440272,998.3670829841603
2227,24.07598655826922,85.17065716014946,602.3488807145764,998.1727650478678
2228,24.022806606498847,85.05967689883812,602.1439186787334,997.978504868672
2229,23.969738002119584,84.94883503443549,601.939041291683,997.7843024216722
2230,23.91678053230828,84.83813141006533,601.7342485128986,997.5901576831378
2231,23.863933984578637,84.72756586898828,601.5295403016181,997.3960706292718
2232,23.81119814679292,84.61713825457502,601.3249166171299,997.2020412360317
2233,23.75857280714476,84.50684841038981,601.1203774189663,997.0080694794144
2234,23.70605775417394,84.3966961800947,600.9159226662313,996.8141553350649
2235,23.653652776758776,84.28668140751307,600.7115523183672,996.6202987800771
2236,23.601357664116563,84.17680393659708,600.5072663349673,996.4264997897908
2237,23.54917220580583,84.06706361145996,600.3030646754821,996.2327583400595
2238,23.49709619172006,83.95746027633146,600.0989472991232,996.0390744069382
2239,23.44512941209527,83.84799377559608,599.8949141653485,995.8454479673811
2240,23.393271657505608,83.73866395378582,599.690965233957,995.6518789967669
2241,23.34152271885958,83.62947065554857,599.4871004643137,995.4583674718297
2242,23.289882387407545,83.5204137256934,599.2833198160322,995.2649133677342
2243,23.238350454735297,83.41149300916959,599.0796232484843,995.0715166617452
2244,23.186926712762926,83.30270835106211,598.8760107212886,994.8781773296688
2245,23.135610953752916,83.19405959659053,598.6724821942104,994.684895346772
2246,23.0844029702981,83.08554659112752,598.469037626873,994.4916706907932
2247,23.03330255533291,82.97716918018068,598.2656769788551,994.2985033365057
2248,22.98230950211945,82.86892720937959,598.0624002096895,994.1053932610679
2249,22.931423604262505,82.76082052453785,597.8592072791533,993.9123404406303
2250,22.88064465570048,82.65284897156027,597.65609814717,993.7193448512775
2251,22.82997245070129,82.54501239652228,597.4530727732341,993.526406469054
2252,22.77940678387199,82.43731064564054,597.2501311172738,993.3335252701086
2253,22.728947450153527,82.32974356525273,597.0472731389822,993.1407012314884
2254,22.6785942448152,82.22231100184337,596.844498798004,992.9479343290313
2255,22.628346963466328,82.11501280205437,596.6418080543249,992.7552245389118
2256,22.578205402043068,82.00784881264434,596.4392008678848,992.562571837794
2257,22.528169356818694,81.90081888051645,596.2366771982909,992.36997620172
2258,22.478238624393043,81.79392285273303,596.0342370056782,992.1774376068616
2259,22.42841300170616,81.68716057647094,595.8318802497563,991.9849560306402
2260,22.378692286020396,81.58053189906502,595.6296068905682,991.7925314478782
2261,22.32907627493472,81.47403666798243,595.42741688802,991.6001638362686
2262,22.279564766376154,81.36767473081909,595.2253102020646,991.4078531715319
2263,22.23015755860385,81.26144593533309,595.0232867928034,991.215599430009
2264,22.180854450207363,81.15535012941626,594.8213466200049,991.023402588729
2265,22.13165524010188,81.04938716108018,594.6194896439632,990.8312626232384
2266,22.082559727538296,80.94355687850032,594.4177158246432,990.63917951101
2267,22.033567712092207,80.83785912997843,594.2160251220583,990.4471532277574
2268,21.98467899366591,80.732293763955,594.0144174962724,990.2551837505391
2269,21.935893372495144,80.62686062902128,593.8128929075896,990.0632710551331
2270,21.887210649141224,80.52155957390079,593.6114513160785,989.8714151183867
2271,21.838630624491316,80.4163904474484,593.4100926818576,989.6796159171802
2272,21.790153099762023,80.31135309867648,593.2088169649965,989.487873427665
2273,21.74177787649751,80.20644737672313,593.0076241259048,989.2961876265135
2274,21.69350475656543,80.10167313086367,592.8065141246569,989.1045584899379
2275,21.645333542160643,79.99703021053057,592.6054869215715,988.912985995337
2276,21.59726403580774,79.89251846526298,592.4045424769162,988.7214701179497
2277,21.54929604034922,79.78813774476805,592.2036807509176,988.5300108358924
2278,21.501429358960422,79.68388789889082,592.0029017040414,988.3386081244746
2279,21.45366379513564,79.5797687775891,591.8022052964167,988.1472619612188
2280,21.40599915269692,79.47578023099459,591.6015914884193,987.9559723222617
2281,21.358435235787738,79.37192210934603,591.4010602406614,987.7647391848086
2282,21.310971848880115,79.2681942630432,591.2006115132315,987.5735625245752
2283,21.263608796764004,79.16459654261695,591.0002452666517,987.382442318936
2284,21.216345884554585,79.06112879873513,590.7999614613957,987.1913785444373
2285,21.16918291769045,78.95779088220178,590.5997600579881,987.0003711776487
2286,21.12211970192979,78.85458264397073,590.3996410167134,986.8094201952825
2287,21.075156043355747,78.75150393511382,590.1996042981955,986.6185255743608
2288,21.028291748372652,78.64855460687465,589.9996498629124,986.4276872908919
2289,20.981526623702877,78.54573451059838,589.7997776714897,986.2369053226219
2290,20.93486047639385,78.44304349778957,589.599987684314,986.0461796457338
2291,20.888293113810903,78.34048142008317,589.4002798622032,985.8555102372694
2292,20.8418243436399,78.23804812926852,589.2006541655461,985.6648970734732
2293,20.795453973888783,78.1357434772462,589.001110554972,985.4743401315623
2294,20.749181812882398,78.03356731608329,588.8016489912545,985.2838393880146
2295,20.703007669263656,77.93151949795185,588.6022694350238,985.0933948201094
2296,20.656931351997088,77.8295998751903,588.4029718469598,984.9030064048793
2297,20.61095267036319,77.72780830027216,588.2037561877918,984.712674118244
2298,20.56507143396439,77.62614462578807,588.0046224181059,984.5223979372967
2299,20.51928745271627,77.52460870449397,587.8055704988218,984.3321778400012
2300,20.47360053685327,77.42320038926403,587.6066003907188,984.1420138018148
2301,20.428010496927612,77.32191953312372,587.4077120544349,983.951905800592
2302,20.382517143806183,77.22076598921666,587.2089054507468,983.7618538126831
2303,20.3371202886766,77.11973961083953,587.0101805406763,983.5718578149662
2304,20.291819743035347,77.0188402514342,586.8115372851005,983.3819177850036
2305,20.246615318700293,76.91806776456036,586.6129756446568,983.1920336990746
2306,20.201506827804394,76.81742200392421,586.4144955805103,983.0022055349807
2307,20.156494082788015,76.71690282337192,586.2160970532047,982.8124332681225
2308,20.11157689641749,76.61651007688425,586.0177800240986,982.6227168774104
2309,20.066755081764,76.51624361857569,585.8195444540205,982.4330563383088
2310,20.02202845221632,76.41610330270106,585.6213903037561,982.2434516291319
2311,19.97739682147548,76.31608898366693,585.42331753452,982.0539027252972
2312,19.9328600035561,76.21620051599007,585.2253261071918,981.864409605569
2313,19.888417812786173,76.11643775433856,585.0274159828917,981.6749722454288
2314,19.844070063804708,76.01680055352062,584.8295871225955,981.4855906230395
2315,19.799816571561763,75.91728876847145,584.6318394875177,981.2962647149907
2316,19.755657151321856,75.81790225427727,584.4341730387308,981.1069944988507
2317,19.71159161865944,75.71864086614084,584.2365877371628,980.917779950779
2318,19.667619789458627,75.61950445942676,584.039083544174,980.7286210487896
2319,19.62374147991403,75.52049288962155,583.8416604208837,980.5395177692153
2320,19.579956506533506,75.42160601234434,583.6443183285534,980.3504700901291
2321,19.53626468613092,75.32284368335303,583.4470572281143,980.1614779880999
2322,19.492665835833293,75.2242057585504,583.2498770810183,979.9725414396596
2323,19.449159773071358,75.1256920939773,583.0527778484807,979.7836604235322
2324,19.405746315590534,75.02730254579598,582.8557594916687,979.5948349155472
2325,19.362425281438988,74.92903697031875,582.658821971988,979.4060648931646
2326,19.319196488978463,74.83089522398933,582.4619652507942,979.21735033426
2327,19.27605975687362,74.73287716338467,582.2651892892077,979.0286912150333
2328,19.233014904099832,74.63498264522514,582.0684940487754,978.8400875138103
2329,19.190061749934927,74.53721152636342,581.8718794907101,978.6515392068497
2330,19.147200113969205,74.43956366378393,581.6753455765574,978.4630462724313
2331,19.104429816097195,74.34203891461448,581.4788922676271,978.2746086866013
2332,19.061750676513583,74.24463713611453,581.282519525272,978.0862264276996
2333,19.019162515726208,74.14735818567561,581.0862273112765,977.8978994721108
2334,18.97666515454219,74.05020192083782,580.8900155867078,977.7096277979642
2335,18.934258414078812,73.95316819927285,580.6938843131575,977.5214113820879
2336,18.89194211575409,73.85625687877166,580.497833452358,977.3332502022868
2337,18.849716081290836,73.75946781729141,580.3018629656152,977.145144235068
2338,18.807580132714435,73.66280087288595,580.1059728146603,976.957093458295
2339,18.765534092356035,73.5662559037857,579.910162960891,976.7690978492014
2340,18.723577782848565,73.4698327683177,579.7144333659427,976.5811573858249
2341,18.681711027123583,73.37353132498032,579.5187839914964,976.3932720442976
2342,18.639933648424233,73.27735143238453,579.3232147991869,976.205441802826
2343,18.598245470284382,73.18129294928445,579.1277257505988,976.0176666389335
2344,18.556646316549177,73.08535573456919,578.9323168075533,975.8299465301158
2345,18.515136011357185,72.98953964725314,578.7369879315387,975.64228145302
2346,18.473714379152085,72.89384454650371,578.5417390844689,975.4546713858612
2347,18.432381244675668,72.79827029160742,578.3465702279266,975.2671163054581
2348,18.391136432973838,72.7028167419968,578.1514813237291,975.0796161898697
2349,18.349979769386437,72.60748375722972,577.9564723341127,974.8921710160852
2350,18.30891107955597,72.51227119701042,577.7615432199584,974.7047807626122
2351,18.267930189423282,72.41717892117322,577.566693943593,974.5174454050596
2352,18.2270369252266,72.32220678968116,577.3719244667358,974.3301649230519
2353,18.186231113504874,72.22735466262799,577.1772347514345,974.1429392925336
2354,18.145512581094152,72.13262240026398,576.982624759309,973.95576849225
2355,18.10488115512436,72.03800986295852,576.7880944525018,973.7686524991452
2356,18.06433666302857,71.9435169112092,576.5936437928194,973.5815912904217
2357,18.023878932532085,71.84914340566581,576.3992727421157,973.3945848440262
2358,17.983507791656507,71.75488920709552,576.2049812624801,973.2076331378823
2359,17.94322306872371,71.6607541764115,576.0107693158559,973.0207361491714
2360,17.903024592346156,71.5667381746556,575.8166368643322,972.8338938559347
2361,17.86291219143419,71.47284106301527,575.6225838698494,972.6471062351318
2362,17.82288569519426,71.37906270278347,575.428610294397,972.4603732650872
2363,17.782944933124213,71.2854029554162,575.2347161000073,972.2736949228769
2364,17.743089735018657,71.19186168249723,575.040901248951,972.0870711863311
2365,17.703319930964057,71.09843874572704,574.8471657031632,971.9005020336443
2366,17.663635351341725,71.00513400696832,574.6535094248137,971.7139874419236
2367,17.6240358268262,70.91194732818934,574.4599323759323,971.5275273891466
2368,17.584521188383093,70.81887857151384,574.2664345189689,971.3411218524905
2369,17.545091267273193,70.72592759918274,574.0730158158508,971.1547708106496
2370,17.505745895046886,70.63309427359218,573.8796762288382,970.9684742404711
2371,17.46648490354667,70.54037845724304,573.6864157202343,970.7822321200484
2372,17.427308124906943,70.4477800127928,573.4932342521987,970.596044427344
2373,17.388215391554297,70.35529880301385,573.3001317870308,970.4099111395666
2374,17.34920653620165,70.26293469083453,573.1071082868865,970.2238322355657
2375,17.31028139185534,70.17068753930448,572.91416371425,970.0378076916717
2376,17.27143979181301,70.07855721159473,572.7212980314637,969.8518374867949
2377,17.232681569656876,69.98654357102544,572.5285112006279,969.6659215983757
2378,17.194006559263954,69.89464648104888,572.3358031842696,969.4800600040545
2379,17.15541459479485,69.80286580524466,572.1431739430601,969.2942526818862
2380,17.116905510701258,69.7112014073295,571.9506234439932,969.1084996099577
2381,17.07847914172359,69.61965315114685,571.7581516454369,968.9228007663876
2382,17.040135322887437,69.52822090068327,571.5657585109637,968.7371561279838
2383,17.00187388950775,69.43690452004569,571.3734440030416,968.5515656729249
2384,16.96369467718543,69.34570387347839,571.1812080841819,968.3660293800829
2385,16.92559752180685,69.25461882536268,570.9890507168459,968.1805472266358
2386,16.887582259548026,69.16364924021713,570.7969718636359,967.9951191899039
2387,16.849648726868395,69.07279498267485,570.6049714869135,967.8097452491264
2388,16.8117967605111,68.98205591751702,570.4130495494658,967.6244253816831
2389,16.774026197507027,68.8914319096499,570.2212060137425,967.4391595651448
2390,16.736336875172952,68.80092282411101,570.0294408424297,967.253947777898
2391,16.69872863110578,68.71052852606891,569.8377539980694,967.0687899980774
2392,16.661201303189472,68.62024888085023,569.6461454431524,966.8836862030647
2393,16.62375472959087,68.53008375386338,569.4546151407803,966.6986363716122
2394,16.58638874876044,68.4400330106958,569.263163053157,966.5136404808833
2395,16.549103199433034,68.35009651704962,569.0717891432844,966.3286985098
2396,16.511897920620783,68.2602741387401,568.8804933738305,966.1438104360254
2397,16.474772751621714,68.17056574174671,568.6892757073209,965.958976237322
2398,16.43772753201918,68.08097119215643,568.498136106797,965.7741958921895
2399,16.400762101669613,67.99149035620775,568.3070745348706,965.5894693786114
2400,16.363876300718317,67.90212310025396,568.116090954484,965.4047966744815
2401,16.32706996958845,67.81286929078198,567.9251853282418,965.2201777582306
2402,16.29034294898048,67.7237287944148,567.7343576192702,965.0356126079281
2403,16.25369507987898,67.63470147791577,567.5436077900733,964.85110120116
2404,16.217126203546883,67.54578720816681,567.3529358038646,964.6666435164506
2405,16.180636161526394,67.45698585217843,567.1623416233316,964.4822395318341
2406,16.144224795637484,67.36829727710227,566.9718252113972,964.2978892261698
2407,16.107891947980704,67.27972135020758,566.7813865312165,964.1135925763275
2408,16.071637460933914,67.19125793892005,566.5910255454199,963.9293495617786
2409,16.03546117715345,67.10290691076136,566.4007422172514,963.7451601597288
2410,15.999362939568272,67.01466813342,566.21053650962,963.5610243491519
2411,15.963342591393257,66.92654147469176,566.0204083853816,963.3769421077077
2412,15.927399976112525,66.83852680251124,565.8303578078182,963.1929134139152
2413,15.891534937488643,66.75062398493122,565.6403847398742,963.0089382454975
2414,15.855747319563932,66.66283289017002,565.450489144634,962.8250165818101
2415,15.820036966649155,66.57515338652621,565.2606709851294,962.6411484002415
2416,15.784403723336652,66.48758534246377,565.070930224627,962.4573336788739
2417,15.748847434489136,66.40012862657989,564.8812668260576,962.2735723964855
2418,15.713367945249416,66.31278310757324,564.6916807526794,962.089864531889
2419,15.677965101028832,66.22554865430226,564.5021719676994,961.906210062188
2420,15.64263874751407,66.13842513574207,564.3127404342747,961.7226089663658
2421,15.60738873066768,66.0514124209958,564.123386115605,961.5390612228081
2422,15.57221489672338,65.96451037929859,563.9341089749324,961.3555668098882
2423,15.53711709218814,65.87771888002442,563.7449089755435,961.1721257054949
2424,15.50209516383876,65.79103779265267,563.5557860806748,960.9887378882157
2425,15.4671489587287,65.70446698683787,563.3667402536038,960.8054033367855
2426,15.432278324179777,65.61800633230803,563.177771457559,960.6221220291807
2427,15.39748310778532,65.53165569896112,562.988879656,960.4388939444668
2428,15.362763157412076,65.44541495681636,562.8000648122403,960.2557190600097
2429,15.328118321193244,65.35928397600861,562.6113268895434,960.0725973549326
2430,15.293548447534874,65.27326262682601,562.4226658514966,959.8895288077207
2431,15.259053385111827,65.18735077965675,562.2340816614509,959.7065133962149
2432,15.224632982871668,65.10154830509066,562.0455742826075,959.5235510997828
2433,15.190287090024867,65.01585507369174,561.8571436786852,959.3406418957721
2434,15.1560155560569,64.9302709562487,561.6687898130681,959.1577857637279
2435,15.12181823071802,64.84479582378776,561.4805126490878,958.974982681881
2436,15.087694964026014,64.75942954729521,561.2923121504958,958.7922326278192
2437,15.05364560626856,64.67417199796762,561.1041882806171,958.6095355812926
2438,15.019670008000077,64.58902304710222,560.9161410030994,958.4268915204963
2439,14.985768020041832,64.50398256613056,560.728170281353,958.2443004232249
2440,14.951939493478818,64.41905042662728,560.5402760792066,958.0617622689191
2441,14.918184279667372,64.33422650027484,560.3524583600594,957.8792770358568
2442,14.884502230226502,64.24951065890826,560.1647170877313,957.6968447025863
2443,14.85089319704079,64.16490277447161,559.9770522255216,957.5144652478465
2444,14.817357032260105,64.08040271904412,559.7894637374267,957.3321386498401
2445,14.783893588299975,63.99601036483534,559.6019515869239,957.1498648870846
2446,14.75050271783968,63.91172558416895,559.4145157379097,956.9676439391884
2447,14.717184273823278,63.827548249530594,559.2271561538503,956.7854757836551
2448,14.683938109455852,63.74347823349797,559.0398727984448,956.6033603997511
2449,14.65076407820959,63.65951540879507,558.8526656357147,956.4212977661064
2450,14.617662033816572,63.57565964826932,558.6655346294426,956.2392878608206
2451,14.584631830273366,63.49191082488761,558.4784797431714,956.057330663404
2452,14.55167332183791,63.40826881177759,558.2915009408622,955.8754261520133
2453,14.518786363030586,63.32473348214876,558.1045981862372,955.6935743053924
2454,14.485970808634022,63.24130470936569,557.9177714433395,955.5117751021784
2455,14.453226513688378,63.157982366922056,557.7310206757891,955.3300285212922
2456,14.420553333498873,63.0747663284252,557.5443458476193,955.1483345418274
2457,14.387951123627175,62.991656467626,557.3577469228142,954.9666931416888
2458,14.355419739901151,62.90865265838357,557.1712238651185,954.7851042999062
2459,14.322959038401848,62.82575477469584,556.984776638599,954.6035679959036
2460,14.290568875472758,62.7429626906939,556.7984052071765,954.4220842074238
2461,14.258249107716324,62.660276280622554,556.6121095349089,954.2406529142207
2462,14.225999591993798,62.5776954188691,556.4258895856136,954.0592740942163
2463,14.193820185423675,62.49521997992372,556.2397453235247,953.8779477266984
2464,14.16171074538093,62.412849838429906,556.0536767126373,953.696673790713
2465,14.12967112950389,62.33058486914388,555.8676837168003,953.5154522646626
2466,14.097701195682163,62.24842494694923,555.68176630028,953.3342831279174
2467,14.065800802064842,62.166369946862346,555.4959244271955,953.1531663582599
2468,14.03396980705702,62.08441974401637,555.3101580617084,952.972101935521
2469,14.002208069319408,62.00257421368832,555.1244671677409,952.7910898384833
2470,13.97051544776869,61.920833231260474,554.9388517095366,952.6101300459596
2471,13.938891801578194,61.83919667224848,554.7533116514757,952.429222536513
2472,13.907336990175793,61.757664412309396,554.5678469574166,952.2483672894132
2473,13.875850873241973,61.67623632720739,554.382457591822,952.0675642828783
2474,13.84443331071435,61.59491229283782,554.1971435187266,951.8868134971784
2475,13.813084162784833,61.51369218522859,554.0119047025835,951.7061149099135
2476,13.781803289894299,61.43257588052364,553.8267411076017,951.5254685011383
2477,13.750590552742551,61.351563255002816,553.641652697942,951.344874249304
2478,13.719445812278906,61.270654185078286,553.4566394378979,951.1643321329204
2479,13.688368929707764,61.18984854724687,553.2717012920856,950.983842131842
2480,13.657359766482415,61.10914621819336,553.0868382245069,950.8034042244867
2481,13.626418184311262,61.02854707468191,552.9020501997672,950.6230183903625
2482,13.595544045150916,60.94805099361315,552.7173371821365,950.4426846078163
2483,13.564737211212446,60.867657852028515,552.5326991361154,950.2624028565367
2484,13.53399754495743,60.78736752706442,552.3481360259627,950.0821731149214
2485,13.503324909093806,60.70717989601849,552.163647816167,949.9019953629944
2486,13.472719166583659,60.62709483629351,551.9792344712575,949.7218695785306
2487,13.442180180639184,60.547112225412036,551.7948959556152,949.5417957416075
2488,13.411707814718568,60.467231941037596,551.6106322339434,949.3617738307294
2489,13.381301932529823,60.38745386093774,551.4264432705224,949.1818038256265
2490,13.350962398033147,60.30777786303577,551.2423290299479,949.0018857047103
2491,13.320689075432938,60.22820382535457,551.058289476767,948.8220194472403
2492,13.290481829184586,60.14873162605147,550.8743245755652,948.6422050330306
2493,13.260340523987907,60.069361143398226,550.69043429097,948.4624424405705
2494,13.230265024791777,59.9900922558117,550.506618587555,948.2827316494769
2495,13.200255196791261,59.91092484181769,550.3228774299357,948.1030726380191
2496,13.170310905430966,59.83185878006071,550.1392107827664,947.9234653863928
2497,13.140432016395522,59.75289394932548,549.9556186107429,947.7439098730721
2498,13.11061839562322,59.674030228519825,549.7721008786018,947.564406077631
2499,13.080869909291465,59.59526749666088,549.5886575507477,947.3849539792693
2500,13.051186423824106,59.516605632904145,549.4052885922745,947.2055535566687
2501,13.021567805890754,59.4380445165292,549.221993967669,947.0262047901591
2502,12.992013922407466,59.35958402692364,549.0387736418265,946.8469076582215
2503,12.962524640530631,59.28122404361437,548.855627579593,946.6676621400139
2504,12.933099827660357,59.202964446255805,548.6725557454798,946.4884682148751
2505,12.903739351445381,59.12480511461047,548.4895581045979,946.3093258625667
2506,12.874443079771112,59.046745928574694,548.3066346214474,946.1302350618022
2507,12.845210880767183,58.96878676816186,548.1237852613114,945.9511957917193
2508,12.816042622810357,58.890927513524275,547.9410099886775,945.7722080324405
2509,12.786938174511988,58.81316804491553,547.7583087686297,945.5932717627576
2510,12.757897404730329,58.73550824272843,547.5756815661069,945.4143869620184
2511,12.728920182562376,58.65794798747203,547.3931283459023,945.2355536098909
2512,12.700006377347364,58.580487159783274,547.210649073034,945.0567716851027
2513,12.671155858663411,58.50312564041661,547.0282437123751,944.8780411679039
2514,12.642368496332068,58.42586331026308,546.8459122290233,944.6993620364175
2515,12.613644160409052,58.348700050306206,546.6636545879309,944.5207342712024
2516,12.58498272119678,58.27163574169123,546.48147075409,944.3421578511108
2517,12.556384049230985,58.194670265665025,546.2993606926245,944.1636327555476
2518,12.527848015289663,58.11780350358646,546.1173243685134,943.985158964223
2519,12.499374490385577,58.04103533696593,545.9353617467737,943.8067364557885
2520,12.470963345774493,57.96436564741026,545.7534727925566,943.6283652105421
2521,12.442614452946458,57.88779431665773,545.5716574710538,943.4500452081367
2522,12.414327683629637,57.811321226587324,545.3899157473993,943.2717764271645
2523,12.386102909788917,57.73494625916476,545.2082475865852,943.0935588473334
2524,12.357940003628102,57.6586692965015,545.0266529538274,942.9153924482392
2525,12.32983883758402,57.58249022083493,544.8451318143799,942.7372772094984
2526,12.301799284332233,57.50640891450308,544.663684133352,942.5592131099507
2527,12.273821216782224,57.430425259984816,544.4823098759858,942.3812001302173
2528,12.24590450808006,57.35453913988448,544.3010090076526,942.2032382493202
2529,12.21804903160563,57.278750436906705,544.1197814934876,942.0253274465808
2530,12.190254660973679,57.20305903388663,543.9386272988505,941.8474677016167
2531,12.16252127003392,57.127464813799236,543.75754638886,941.6696589940766
2532,12.134848732869486,57.05196765971533,543.5765387289529,941.4919013034897
2533,12.107236923797501,56.9765674548446,543.3956042845144,941.3141946092809
2534,12.079685717368392,56.90126408250279,543.2147430207808,941.1365388914486
2535,12.052194988364533,56.82605742614402,543.0339549032143,940.9589341291969
2536,12.024764611801743,56.75094736933312,542.8532398972228,940.7813803023032
2537,11.997394462926877,56.67593379575891,542.6725979679751,940.6038773904276
2538,11.970084417219638,56.60101658923014,542.4920290812368,940.4264253729934
2539,11.942834350392815,56.52619563367864,542.311533202069,940.2490242298592
2540,11.915644138386114,56.45147081315662,542.1311102963126,940.0716739403539
2541,11.888513657374176,56.37684201183481,541.9507603291999,939.8943744847932
2542,11.861442783759756,56.30230911401253,541.7704832662821,939.7171258424323
2543,11.834431394176733,56.22787200409408,541.5902790731446,939.5399279925477
2544,11.80747936548876,56.15353056661604,541.4101477152296,939.3627809159387
2545,11.780586574787648,56.07928468623413,541.2300891582022,939.1856845912557
2546,11.753752899397497,56.0051342477372,541.0501033673969,939.0086389982636
2547,11.726978216866428,55.9310791359988,540.8701903087402,938.8316441172975
2548,11.700262404974922,55.85711923605862,540.6903499475507,938.6546999276266
2549,11.67360534173072,55.78325443303129,540.5105822495565,938.477806409232
2550,11.647006905367846,55.70948461218836,540.3308871805228,938.3009635417052
2551,11.620466974348318,55.63580965889946,540.1512647058835,938.124171304943
2552,11.593985427361929,55.56222945866227,539.9717147913883,937.9474296789995
2553,11.567562143324423,55.48874389709658,539.7922374027348,937.770738643274
2554,11.541197001380013,55.415352859935695,539.6128325058412,937.594098177332
2555,11.514889880894074,55.342056233043934,539.4335000661113,937.4175082613053
2556,11.488640661461801,55.26885390238431,539.2542400495412,937.240968875351
2557,11.46244922290441,55.195745754055736,539.0750524217028,937.0644799987014
2558,11.436315445264597,55.12273167427543,538.8959371485766,936.8880416114303
2559,11.410239208811788,55.0498115493815,538.7168941958115,936.7116536936351
2560,11.38422039403929,54.97698526581951,538.5379235293709,936.5353162248982
2561,11.358258881659083,54.904252710166816,538.3590251149818,936.3590291846918
2562,11.332354552623386,54.831613769111755,538.1801989185907,936.1827925538674
2563,11.306507288094366,54.75906832947436,538.0014449059994,936.0066063115394
2564,11.280716969452143,54.6866162781717,537.8227630432328,935.8304704382105
2565,11.254983478310436,54.61425750226135,537.6441532959833,935.6543849134467
2566,11.229306696499663,54.541991888912094,537.4656156303516,935.4783497169876
2567,11.203686506075428,54.46981932539933,537.2871500121987,935.3023648291339
2568,11.178122789314585,54.39773969913841,537.1087564076084,935.1264302295336
2569,11.152615428711954,54.32575289765117,536.9304347824257,934.9505458979991
2570,11.127164306985861,54.25385880858005,536.75218510281,934.7747118150401
2571,11.101769307076083,54.18205731968277,536.5740073346819,934.5989279607966
2572,11.076430312140005,54.110348318837794,536.395901444,934.4231943144705
2573,11.051147205557527,54.03873169403931,536.2178673970371,934.247510856246
2574,11.025919870926145,53.96720733341476,536.0399051596424,934.071877566602
2575,11.000748192061934,53.89577512518929,535.8620146980727,933.8962944249593
2576,10.975632053002883,53.824434957706615,535.6841959783436,933.7207614118469
2577,10.950571338005474,53.75318671944541,535.5064489666958,933.5452785072763
2578,10.925565931539822,53.68203029899871,535.3287736291281,933.3698456911525
2579,10.900615718298468,53.61096558505545,535.1511699319556,933.194462943262
2580,10.875720583190244,53.53999246644804,534.9736378412531,933.0191302438295
2581,10.850880411340555,53.46911083211319,534.7961773232266,932.8438475733753
2582,10.826095088092387,53.398320571107774,534.6187883441161,932.6686149116324
2583,10.801364499005004,53.32762157261186,534.4414708702035,932.4934322387595
2584,10.776688529853558,53.257013725910326,534.2642248677132,932.3182995344034
2585,10.752067066631199,53.18649692041657,534.0870503029075,932.143216779591
2586,10.727499995542644,53.11607104565746,533.9099471419947,931.9681839536084
2587,10.702987203011318,53.04573599127917,533.7329153514949,931.7932010375381
2588,10.678528575674619,52.97549164703207,533.555954897507,931.6182680104378
2589,10.6541240003844,52.905337902803296,533.379065746442,931.4433848533039
2590,10.629773364205576,52.835274648579855,533.2022478646575,931.2685515456566
2591,10.605476554418729,52.76530177448063,533.0255012187307,931.0937680686761
2592,10.581233458516408,52.695419170724165,532.8488257747256,930.9190344013883
2593,10.557043964206542,52.62562672766535,532.6722214993837,930.7443505243378
2594,10.532907959407723,52.555924335758334,532.4956883589368,930.569716418787
2595,10.508825332253565,52.48631188557977,532.319226319834,930.3951320635563
2596,10.484795971085603,52.416789267818785,532.1428353485619,930.2205974395441
2597,10.460819764462059,52.34735637330073,531.9665154116466,930.0461125267151
2598,10.436896601150337,52.278013092935964,531.7902664756467,929.8716773053357
2599,10.413026370130837,52.20875931777505,531.6140885068851,929.6972917563734
2600,10.389208960591247,52.13959493896709,531.4379814721822,929.5229558595995
2601,10.365444261933789,52.070519847792355,531.2619453378401,929.3486695945285
2602,10.341732163767716,52.00153393564284,531.0859800705674,929.174432943029
2603,10.318072555916089,51.93263709401862,530.9100856368341,929.0002458841215
2604,10.294465328407938,51.86382921454077,530.7342620034217,928.8261083984869
2605,10.270910371483112,51.7951101889422,530.5585091368742,928.652020466705
2606,10.247407575589264,51.72647990908155,530.3828270037692,928.4779820695071
2607,10.223956831385976,51.657938266924475,530.2072155709088,928.3039931860113
2608,10.20055802973583,51.58948515455751,530.0316748048526,928.1300537974118
2609,10.177211061714857,51.52112046416943,529.8562046722914,927.9561638843826
2610,10.153915818602542,51.45284408807879,529.6808051400425,927.7823234259755
2611,10.130672191888394,51.384655918710564,529.5054761748673,927.6085324038715
2612,10.107480073267922,51.31655584860579,529.3302177433833,927.4347907986771
2613,10.084339354641926,51.24854377043488,529.1550298123327,927.2610985892451
2614,10.061249928119977,51.18061957695596,528.9799123485877,927.0874557577433
2615,10.038211686016169,51.1127831610562,528.8048653189644,926.9138622833417
2616,10.015224520849358,51.0450344157569,528.629888690408,926.7403181468896
2617,9.992288325347062,50.977373234148274,528.454982429441,926.566823328563
2618,9.969402992438589,50.90979950947718,528.2801465031715,926.3933778096722
2619,9.94656841526006,50.8423131350815,528.1053808782863,926.2199815701689
2620,9.923784487149987,50.774914004433754,527.930685518592,926.0466345901741
2621,9.90105110165247,50.70760201108811,527.7560604006053,925.8733368509272
2622,9.87836815251464,50.64037704875034,527.581505481639,925.700088332184
2623,9.855735533688332,50.573239011208386,527.4070207318979,925.5268890148216
2624,9.83315313932573,50.506187792387436,527.2326061182505,925.3537388797396
2625,9.810620863783981,50.43922328631339,527.0582616075092,925.180637906769
2626,9.788138601623757,50.372345387126586,526.8839871670699,925.0075860764431
2627,9.765706247603944,50.30555398909439,526.7097827636345,924.8345833698774
2628,9.743323696690439,50.23884898658031,526.5356483643983,924.6616297676583
2629,9.720990844043854,50.17223027406584,526.3615839362246,924.4887252499805
2630,9.698707585033162,50.10569774615118,526.1875894463802,924.3158697973469
2631,9.676473815222778,50.039251297549754,526.0136648618004,924.1430633906858
2632,9.654289430380729,49.97289082308856,525.8398101497339,923.9703060104085
2633,9.632154326475117,49.9066162176988,525.6660252770948,923.7975976369471
2634,9.610068399671206,49.84042737642966,525.4923102111107,923.6249382513028
2635,9.588031546336069,49.77432419445199,525.318664919044,923.4523278338291
2636,9.56604366303661,49.70830656703225,525.1450893679178,923.27976636543
2637,9.544104646535814,49.64237438957605,524.9715835249744,923.1072538266359
2638,9.522214393798862,49.576527557571126,524.7981473575834,922.9347901977318
2639,9.500372801986387,49.51076596663523,524.6247808326927,922.7623754602483
2640,9.478579768458587,49.44508951249435,524.451483917559,922.5900095936906
2641,9.45683519077184,49.379498090995924,524.2782565795679,922.4176925800532
2642,9.43513896668226,49.31399159808649,524.1050987860473,922.2454243991594
2643,9.413490994140403,49.24856992982876,523.9320105040874,922.0732050320955
2644,9.391891171293295,49.18323298240239,523.7589917010883,921.9010344591428
2645,9.370339396488575,49.1179806521032,523.5860423443925,921.7289126615653
2646,9.348835568264448,49.05281283531707,523.4131624013797,921.5568396194249
2647,9.32737958535887,48.98772942856806,523.2403518392822,921.3848153148599
2648,9.305971346702322,48.92273032847419,523.0676106256401,921.212839726875
2649,9.284610751423727,48.857815431777794,522.8949387277561,921.0409128372488
2650,9.263297698843445,48.79298463532484,522.7223361130586,920.8690346263998
2651,9.242032088478112,48.728237836080496,522.5498027489222,920.6972050758822
2652,9.22081382003826,48.66357493110348,522.3773386028437,920.5254241657525
2653,9.199642793428978,48.59899581758691,522.2049436422685,920.3536918769214
2654,9.178518908745929,48.534500392828875,522.0326178347655,920.1820081901787
2655,9.157442066282002,48.470088554226095,521.8603611476658,920.0103730862157
2656,9.136412166521026,48.405760199298754,521.6881735486091,919.838786546553
2657,9.11542911013781,48.341515225673845,521.5160550050882,919.6672485513648
2658,9.094492798003856,48.277353531092444,521.3440054846302,919.4957590818293
2659,9.0736031311789,48.21327501340687,521.1720249548888,919.3243181187091
2660,9.052760010914454,48.1492795705708,521.0001133832797,919.152925643079
2661,9.031963338654748,48.08536710066079,520.8282707375253,918.9815816353532
2662,9.011213016036052,48.02153750185505,520.6564969852944,918.810286076782
2663,8.990508944882606,47.95779067245951,520.4847920941049,918.6390389482413
2664,8.969851027210538,47.89412651085894,520.3131560316041,918.4678402307576
2665,8.94923916522579,47.83054491558295,520.1415887654721,918.2966899046911
2666,8.928673261324448,47.767045785244875,519.9700902635157,918.1255879519505
2667,8.908153218092849,47.70362901858471,519.7986604933936,917.9545343530878
2668,8.887678938304163,47.64029451444702,519.6272994226173,917.7835290886588
2669,8.867250324922153,47.57704217178281,519.4560070192802,917.6125721398298
2670,8.846867281099804,47.51387188966379,519.2847832506891,917.4416634876186
2671,8.82652971017535,47.45078356726282,519.1136280850064,917.2708031133609
2672,8.806237515677978,47.38777710385756,518.9425414898826,917.099990997729
2673,8.785990601324158,47.32485239884687,518.7715234330936,916.9292271213909
2674,8.76578887101634,47.2620093517387,518.6005738824489,916.7585114659037
2675,8.745632228844727,47.19924786214136,518.4296928059756,916.5878440125455
2676,8.725520579085583,47.136567829775686,518.2588801711909,916.4172247412489
2677,8.705453826203524,47.073969154483564,518.0881359462791,916.2466536344481
2678,8.685431874845847,47.011451736198694,517.9174600989174,916.0761306718475
2679,8.665454629848455,46.949015474975,517.746852597086,915.9056558350879
2680,8.645521996233128,46.88666027096667,517.576313408714,915.7352291057204
2681,8.625633879203122,46.82438602445302,517.4058425017588,915.5648504642065
2682,8.605790184151843,46.76219263580765,517.2354398441266,915.394519892259
2683,8.585990816652597,46.70008000551235,517.0651054039354,915.2242373701175
2684,8.566235682464878,46.63804803417014,516.8948391489754,915.0540028799604
2685,8.546524687533065,46.57609662248609,516.7246410472547,914.8838164019254
2686,8.52685773798298,46.514225671269,516.5545110670846,914.7136779172779
2687,8.50723474012591,46.452435081439035,516.3844491761772,914.5435874075758
2688,8.487655600454659,46.39072475403276,516.2144553427328,914.3735448541346
2689,8.468120225646743,46.32909459018458,516.0445295348936,914.2035502374478
2690,8.448628522558764,46.267544491140484,515.8746717205637,914.0336035390266
2691,8.42918039823256,46.206074358253204,515.704881867955,913.8637047403741
2692,8.409775759890394,46.144684092995305,515.535159945221,913.6938538222048
2693,8.390414514936637,46.083373596932915,515.3655059205495,913.5240507662145
2694,8.371096570956524,46.02214277173891,515.1959197620725,913.3542955524755
2695,8.351821835715086,45.96099151920964,515.0264014377728,913.1845881638416
2696,8.33259021716185,45.89991974123461,514.8569509159407,913.01492858013
2697,8.31340162342137,45.838927339814575,514.6875681649904,912.8453167834293
2698,8.294255962802296,45.77801421706431,514.5182531529173,912.6757527551331
2699,8.27515314379096,45.717180275200576,514.3490058481104,912.5062364759672
2700,8.256093075054181,45.656425416541424,514.1798262187253,912.3367679268222
2701,8.237075665437047,45.59574954352422,514.0107142329465,912.1673470900092
2702,8.218100823964392,45.53515255869098,513.8416698593571,911.9979739458945
2703,8.199168459838006,45.474634364685926,513.6726930660301,911.8286484765587
2704,8.180278482439732,45.41419486425826,513.5037838213452,911.6593706625667
2705,8.161430801328606,45.35383396027538,513.334942093621,911.4901404861637
2706,8.142625326241316,45.293551555697206,513.1661678513952,911.3209579276909
2707,8.123861967092012,45.23334755361395,512.9974610627842,911.1518229691662
2708,8.105140633970535,45.17322185718308,512.8288216963902,910.9827355915178
2709,8.086461237145798,45.113174369709384,512.6602497204879,910.8136957761225
2710,8.067823687061363,45.053204994580824,512.4917451035665,910.644703504518
2711,8.049227894338571,44.993313635298705,512.3233078140573,910.475758758668
2712,8.030673769772704,44.93350019547336,512.1549378203354,910.306861518626
2713,8.01216122433587,44.873764578811006,511.98663509107894,910.1380117669688
2714,7.993690169175139,44.8141066891431,511.8183995945493,909.9692094840684
2715,7.975260515611367,44.754526430376245,511.6502312994014,909.8004546525449
2716,7.956872175142749,44.69502370656693,511.4821301740541,909.6317472526646
2717,7.9385250594400105,44.63559842182616,511.3140961872282,909.4630872669735
2718,7.920219080348346,44.57625048042223,511.14612930731744,909.2944746757822
2719,7.901954149885981,44.51697978668204,510.9782295030195,909.1259094613775
2720,7.883730180246829,44.45778624508222,510.8103967428847,908.9573916046925
2721,7.86554708379424,44.398669760164864,510.6426309954072,908.788921087365
2722,7.847404773068845,44.33963023660925,510.4749322293835,908.62049789106
2723,7.829303160781436,44.280667579173326,510.3073004132823,908.4521219970462
2724,7.811242159813759,44.22178169274696,510.1397355157875,908.2837933870285
2725,7.7932216832238765,44.16297248230694,509.97223750579485,908.1155120424703
2726,7.775241644237752,44.10423985293693,509.80480635169056,907.9472779445512
2727,7.75730195625448,44.045583709836365,509.6374420225284,907.7790910752019
2728,7.739402532843911,43.987003958294906,509.47014448676157,907.6109514160654
2729,7.721543287746471,43.92850050371783,509.30291371314877,907.442858948273
2730,7.703724134874349,43.87007325161619,509.1357496704777,907.2748136533957
2731,7.685944988307767,43.81172210760042,508.96865232775224,907.1068155134191
2732,7.668205762300403,43.75344697738274,508.8016216532882,906.938864509264
2733,7.6505063712723995,43.69524776678253,508.63465761633347,906.7709606235404
2734,7.63284672981419,43.637124381733145,508.46776018544904,906.603103836363
2735,7.615226752687249,43.579076728261896,508.3009293296792,906.4352941306563
2736,7.597646354819574,43.5211047124983,508.13416501755876,906.2675314877023
2737,7.580105451308725,43.46320824068181,507.96746721837997,906.0998158886487
2738,7.562603957419981,43.40538721915385,507.80083590065,905.9321473156766
2739,7.545141788586861,43.34764155436966,507.6342710335472,905.7645257499801
2740,7.5277188604120795,43.2899711528658,507.46777258582665,905.5969511731957
2741,7.510335088662856,43.232375921308574,507.30134052654705,905.4294235674193
2742,7.492990389275732,43.174855766449525,507.1349748246215,905.2619429143341
2743,7.475684678354085,43.11741059515782,506.9686754489942,905.094509195375
2744,7.458417872166933,43.06004031438772,506.80244236855094,904.9271223918495
2745,7.441189887149022,43.002744831214045,506.636275552391,904.7597824863565
2746,7.4240006399033405,42.94552405280962,506.4701749696477,904.5924894598257
2747,7.406850047195761,42.888377886447245,506.3041405893041,904.4252432942006
2748,7.389738025961108,42.83130623950865,506.1381723801952,904.258043971304
2749,7.372664493295218,42.77430901947679,505.97227031164243,904.0908914727032
2750,7.355629366461855,42.71738613393046,505.8064343526346,903.9237857803746
2751,7.338632562887881,42.66053749056971,505.64066447219705,903.7567268758165
2752,7.321674000165217,42.60376299716978,505.47496063965343,903.5897147407817
2753,7.304753596049579,42.54706256163507,505.3093228240025,903.4227493572653
2754,7.287871268460563,42.49043609196224,505.14375099436415,903.2558307070722
2755,7.271026935480904,42.4338834962428,504.97824511989063,903.0889587717086
2756,7.2542205153548736,42.3774046826893,504.81280516976756,902.9221335334348
2757,7.237451926493932,42.320999559593474,504.64743111338805,902.755354973569
2758,7.220721087468206,42.2646680353796,504.4821229198235,902.5886230737237
2759,7.204027917012141,42.208410018534096,504.3168805581744,902.4219378168036
2760,7.18737233402058,42.15222541768827,504.1517039978419,902.2552991833466
2761,7.170754257551948,42.09611414154375,503.9865932081725,902.0887071565732
2762,7.154173606824656,42.04007609892233,503.82154815809156,901.922161716518
2763,7.137630301220057,41.984111198740095,503.6565688173688,901.7556628467172
2764,7.121124260278236,41.92821935000461,503.49165515499396,901.5892105286431
2765,7.104655403701329,41.87240046185434,503.3268071404407,901.4228047433598
2766,7.088223651352166,41.81665444350284,503.1620247429431,901.256445473775
2767,7.071828923252923,41.76098120427804,502.9973079318562,901.0901327011502
2768,7.055471139585379,41.70538065359847,502.8326566766599,900.9238664077408
2769,7.03915022069161,41.649852701000896,502.6680709466841,900.757646575666
2770,7.0228660870728845,41.59439725610946,502.50355071137983,900.5914731862518
2771,7.006618659387897,41.53901422865749,502.33909594005115,900.4253462211233
2772,6.990407858456663,41.483703528469505,502.17470660230356,900.2592656635832
2773,6.97423360525562,41.428465065479145,502.01038266759394,900.0932314945986
2774,6.958095820919638,41.37329874972244,501.8461241052296,899.9272436958578
2775,6.94199442674288,41.31820449132982,501.681930884734,899.7613022504593
2776,6.925929344175401,41.26318220054435,501.51780297583616,899.5954071392763
2777,6.909900494825806,41.2082317876916,501.3537403476728,899.4295583449178
2778,6.893907800459488,41.15335316321432,501.1897429701269,899.263755849416
2779,6.877951182996668,41.09854623764528,501.02581081257586,899.0979996344142
2780,6.86203056451744,41.043810921625266,500.86194384460816,898.9322896818801
2781,6.8461458672564675,40.989147125893794,500.69814203593376,898.7666259744573
2782,6.830297013603953,40.93455476127855,500.53440535593495,898.6010084938939
2783,6.814483926106519,40.88003373872863,500.3707337742941,898.4354372217462
2784,6.798706527465654,40.825583969281524,500.20712726081456,898.2699121407747
2785,6.782964740538787,40.771205364072216,500.0435857848835,898.1044332327386
2786,6.767258488337305,40.716897834339875,499.8801093165458,897.9390004795786
2787,6.751587694028686,40.662661291416725,499.71669782498327,897.7736138632608
2788,6.7359522809318975,40.60849564675863,499.55335128030504,897.6082733664622
2789,6.720352172523434,40.554400811882545,499.3900696519298,897.4429789710359
2790,6.704787292431874,40.500376698441585,499.22685290985225,897.2777306585774
2791,6.689257564438677,40.446423218164796,499.0637010236461,897.1125284122576
2792,6.673762912479177,40.39254028288957,498.90061396309477,896.9473722130214
2793,6.658303260643237,40.338727804556584,498.73759169792766,896.7822620435875
2794,6.642878533170858,40.28498569519519,498.5746341980788,896.6171978863175
2795,6.627488654456158,40.231313866938194,498.4117414331588,896.452179723165
2796,6.612133549045296,40.17771223202567,498.2489133732564,896.2872075362308
2797,6.596813141635849,40.12418070278534,498.0861499879535,896.1222813075832
2798,6.581527357076638,40.07071919164855,497.9234512473113,895.9574010195244
2799,6.566276120369224,40.01732761114596,497.760817120974,895.7925666542709
2800,6.551059356665732,39.96400587391099,497.5982475790639,895.6277781940659
2801,6.5358769912676,39.9107538926724,497.4357425914667,895.4630356207313
2802,6.520728949630367,39.85757158024256,497.2733021278302,895.2983389170927
2803,6.5056151573562175,39.80445884955955,497.1109261582808,895.1336880650147
2804,6.49053554019973,39.75141561364484,496.94861465279496,894.9690830469859
2805,6.475490024063944,39.69844178561473,496.78636758129346,894.8045238450253
2806,6.460478535002963,39.64553727869179,496.6241849137251,894.6400104412262
2807,6.445500999218368,39.59270200619321,496.4620666201622,894.475542818246
2808,6.430557343060883,39.53993588153418,496.30001267061346,894.3111209580572
2809,6.415647493032324,39.487238818236364,496.1380230350352,894.1467448436283
2810,6.400771375780494,39.43461072989976,495.97609768349844,893.9824144560049
2811,6.385928918102081,39.3820515302381,495.8142365861074,893.8181297779278
2812,6.37112004694221,39.32956113306693,495.6524397129067,893.6538907928533
2813,6.356344689393296,39.27713945227654,495.4907070339732,893.4896974814606
2814,6.3416027726951825,39.22478640188126,495.32903851950084,893.3255498272528
2815,6.326894224235062,39.172501895974506,495.1674341393601,893.1614478119187
2816,6.312218971547253,39.12028584875827,495.0058938639859,892.9973914177609
2817,6.297576942311693,39.068138174524705,494.84441766339694,892.833380627914
2818,6.282968064355742,39.016058787670175,494.6830055079113,892.6694154234283
2819,6.268392265652821,38.964047602677766,494.52165736743075,892.505495788339
2820,6.253849474321868,38.912104534134244,494.360373212334,892.3416217034736
2821,6.239339618627582,38.86022949672014,494.1991530127626,892.1777931520428
2822,6.224862626978975,38.80842240522418,494.0379967391541,892.0140101163164
2823,6.210418427932552,38.75668317452016,493.8769043615347,891.8502725783098
2824,6.196006950187453,38.70501171957903,493.7158758501349,891.6865805212996
2825,6.181628122589117,38.65340795546774,493.5549111754848,891.522933927184
2826,6.167281874125024,38.601871797357546,493.3940103076998,891.359332778041
2827,6.152968133928795,38.55040316050864,493.2331732171025,891.1957770569422
2828,6.138686831276601,38.49900196028469,493.07239987404773,891.0322667461111
2829,6.124437895588741,38.447668112134494,492.91169024891667,890.8688018276923
2830,6.110221256429313,38.396401531613776,492.75104431194745,890.7053822845509
2831,6.096036843505203,38.34520213437054,492.59046203367143,890.542008098804
2832,6.08188458666379,38.29406983615266,492.4299433842955,890.3786792535238
2833,6.067764415898878,38.243004552788534,492.2694883343246,890.2153957307721
2834,6.053676261343853,38.19200620022454,492.10909685420336,890.0521575133262
2835,6.039620053273936,38.1410746944878,491.9487689144072,889.8889645830207
2836,6.025595722108363,38.09020995170448,491.7885044851737,889.7258169233784
2837,6.0116031984063625,38.039411888103416,491.62830353721745,889.5627145160017
2838,5.997642412867634,37.988680419990175,491.46816604092396,889.399657344026
2839,5.983713296334642,37.9380154637914,491.30809196671134,889.2366453900675
2840,5.969815779789741,37.88741693600639,491.1480812851155,889.0736786360517
2841,5.955949794355007,37.83688475324422,490.9881339668801,888.9107570649094
2842,5.942115271294938,37.78641883220149,490.828249982246,888.7478806593175
2843,5.928312142011251,37.73601908967649,490.66842930192604,888.5850494019693
2844,5.914540338047814,37.685685442551545,490.5086718964884,888.4222632749858
2845,5.900799791085959,37.635417807817674,490.34897773652824,888.259522261698
2846,5.887090432947801,37.585216102553545,490.18934679267227,888.0968263435672
2847,5.873412195593829,37.53508024392755,490.0297790353975,887.934175504339
2848,5.859765011123216,37.48501014921024,489.87027443548004,887.771569726276
2849,5.846148811774498,37.435005735766254,489.7108329635454,887.6090089915955
2850,5.832563529922169,37.385066921053976,489.5514545901607,887.4464932835743
2851,5.8190090980817075,37.33519362261845,489.39213928627794,887.2840225841993
2852,5.805485448903653,37.28538575811291,489.232887022347,887.1215968770492
2853,5.791992515178109,37.23564324527709,489.0736977691108,886.9592161436241
2854,5.7785302298309915,37.18596600194067,488.9145714973454,886.7968803676428
2855,5.765098525925609,37.136353946034006,488.7555081776777,886.6345895315139
2856,5.751697336662801,37.086806995581156,488.5965077811169,886.4723436173218
2857,5.7383265953787514,37.03732506869494,488.4375702782605,886.3101426083166
2858,5.724986235546865,36.98790808358973,488.2786956398246,886.1479864875027
2859,5.711676190774924,36.938555958568315,488.11988383690675,885.9858752370253
2860,5.6983963948090235,36.88926861201972,487.96113484010357,885.8238088399262
2861,5.685146781528303,36.840045962447334,487.8024486202196,885.661787279266
2862,5.6719272849491205,36.790887928433335,487.6438251481751,885.4998105365518
2863,5.6587378392217715,36.74179442864437,487.4852643947436,885.337878595855
2864,5.6455783786311,36.69276538186577,487.32676633108167,885.175991439325
2865,5.632448837596463,36.643800706953215,487.1683309277562,885.0141490497663
2866,5.619349150673216,36.59490032286561,487.0099581559822,884.8523514100724
2867,5.606279252549292,36.54606414864702,486.8516479863854,884.6905985034255
2868,5.593239078046416,36.49729210345538,486.6934003900609,884.5288903117173
2869,5.580228562119402,36.44858410651116,486.53521533795936,884.3672268186065
2870,5.567247639857811,36.39994007715279,486.37709280123386,884.2056080060198
2871,5.554296246483325,36.3513599348031,486.21903275045054,884.0440338576591
2872,5.541374317350375,36.302843598972714,486.06103515699874,883.8825043562013
2873,5.5284817879473,36.25439098926077,485.9030999916786,883.7210194839721
2874,5.515618593892171,36.2060020253756,485.7452272255854,883.5595792248278
2875,5.5027846709384605,36.15767662710982,485.5874168298408,883.3981835605344
2876,5.489979954968987,36.109414714340204,485.42966877542153,883.2368324744469
2877,5.477204381998881,36.0612162070459,485.2719830334196,883.0755259492465
2878,5.464457888174707,36.01308102529288,485.11435957504625,882.9142639679914
2879,5.451740409774729,35.96500908924577,484.95679837118655,882.753046513567
2880,5.439051883207398,35.917000319152834,484.79929939310875,882.5918735690756
2881,5.426392245012039,35.86905463535703,484.64186261193345,882.4307451174402
2882,5.413761431858788,35.82117195829497,484.48448799880873,882.2696611403926
2883,5.401159380546886,35.773352208494856,484.3271755249132,882.1086216228393
2884,5.388586028007218,35.725595306570796,484.16992516136565,881.9476265464554
2885,5.376041311298465,35.67790117324222,484.01273687957735,881.7866758939016
2886,5.363525167610902,35.63026972929748,483.85561065054833,881.625769649443
2887,5.351037534261593,35.58270089564343,483.69854644557097,881.4649077943727
2888,5.33857834869908,35.535194593248804,483.54154423587886,881.3040903135269
2889,5.326147548498774,35.48775074320403,483.38460399273436,881.1433171884075
2890,5.3137450713658865,35.44036926666499,483.2277256874288,880.9825884024852
2891,5.30137085513293,35.39305008489487,483.07090929119227,880.8219039385366
2892,5.289024837761239,35.34579311923605,482.91415477554983,880.6612637802385
2893,5.276706957339307,35.29859829113491,482.7574621115251,880.5006679101466
2894,5.264417152083702,35.25146552211268,482.6008312706118,880.3401163113659
2895,5.252155360338747,35.20439473379815,482.4442622241547,880.1796089664864
2896,5.239921520575514,35.157385847895,482.28775494352897,880.0191458592669
2897,5.227715571390327,35.11043878621075,482.1313093999595,879.8587269721634
2898,5.215537451508965,35.06355347063817,481.97492556514294,879.6983522889731
2899,5.203387099781871,35.01672982315185,481.81860341027345,879.5380217921911
2900,5.191264455186214,34.96996776582628,481.6623429067521,879.3777354645058
2901,5.179169456825306,34.92326722083152,481.50614402618135,879.2174932900417
2902,5.167102043927848,34.876628110412526,481.3500067398428,879.0572952510817
2903,5.155062155847126,34.83005035691323,481.19393101930916,878.8971413310829
2904,5.143049732063986,34.783533882762754,481.0379168361824,878.737031513078
2905,5.131064712181889,34.737078610492716,480.8819641615627,878.5769657798505
2906,5.119107035930924,34.6906844627087,480.7260729673716,878.4169441151813
2907,5.107176643165005,34.644351362108665,480.57024322503275,878.2569665014513
2908,5.0952734738621075,34.598079231495575,480.4144749060831,878.0970329222145
2909,5.083397468124716,34.55186799374002,480.2587679819138,877.9371433610388
2910,5.071548566178642,34.505717571814046,480.10312242429495,877.7772978006326
2911,5.0597267083748605,34.459627888781455,479.9475382047618,877.617496223901
2912,5.047931835185487,34.41359886778278,479.79201529496436,877.4577386144638
2913,5.036163887206875,34.3676304320646,479.6365536664955,877.2980249550944
2914,5.024422805160455,34.321722504949236,479.48115329079724,877.1383552294556
2915,5.0127085298858844,34.27587500985112,479.32581413986793,876.9787294205261
2916,5.001021002349816,34.230087870278794,479.17053618503303,876.8191475115713
2917,4.989360163638537,34.18436100981711,479.01531939834547,876.6596094854307
2918,4.977725954961585,34.138694352159405,478.86016375109864,876.5001153258502
2919,4.96611831764875,34.09308782107533,478.70506921531444,876.3406650158863
2920,4.954537193153442,34.047541340414966,478.55003576242973,876.1812585384329
2921,4.942982523049267,34.00205483413231,478.39506336452166,876.0218958775633
2922,4.931454249031312,33.95662822626477,478.2401519930838,875.8625770158532
2923,4.919952312915768,33.911261440929735,478.08530161989734,875.7033019370595
2924,4.908476656638776,33.865954402347796,477.93051221686176,875.5440706235337
2925,4.89702722225767,33.820707034823215,477.7757837557285,875.3848830595115
2926,4.885603951950131,33.7755192627327,477.62111620845087,875.2257392279137
2927,4.874206788013339,33.730391010560055,477.46650954648544,875.0666391117736
2928,4.8628356728646835,33.68532220287119,477.3119637420167,874.9075826950283
2929,4.851490549040562,33.64031276431527,477.15747876673163,874.7485699604774
2930,4.840171359198351,33.595362619630976,477.00305459260744,874.5896008916538
2931,4.828878046111818,33.550471693656306,476.8486911913867,874.4306754723758
2932,4.817610552675788,33.50563991129454,476.69438853501356,874.2717936849674
2933,4.806368821903369,33.460867197552176,476.54014659563677,874.112955513554
2934,4.79515279692599,33.416153477523864,476.3859653448186,873.9541609407623
2935,4.7839624209933405,33.37149867638746,476.2318447547617,873.7954099509319
2936,4.772797637472564,33.32690271939859,476.0777847973462,873.6367025269955
2937,4.7616583898504246,33.282365531919226,475.9237854443935,873.4780386521761
2938,4.7505446217281815,33.23788703938908,475.7698466681878,873.3194183096224
2939,4.739456276828157,33.19346716732042,475.61596844051746,873.1608414835683
2940,4.728393298986482,33.14910584134361,475.46215073354847,873.0023081565828
2941,4.7173556321585295,33.10480298715052,475.3083935191228,872.8438183127581
2942,4.7063432204154765,33.06055853052467,475.15469676946043,872.6853719350561
2943,4.695356007944312,33.01637239733793,475.0010604565473,872.526969007163
2944,4.684393939050331,32.97224451355666,474.8474845523955,872.3686095117216
2945,4.673456958152862,32.92817480522527,474.6939690292195,872.2102934335245
2946,4.662545009787927,32.8841631984792,474.54051385908747,872.052020755161
2947,4.65165803860728,32.8402096195249,474.3871190140936,871.893791460571
2948,4.640795989377473,32.79631399467996,474.2337844664472,871.7356055330952
2949,4.629958806981591,32.752476250329494,474.080510188121,871.5774629554677
2950,4.619146436415342,32.708696312959376,473.92729615146845,871.4193637125752
2951,4.608358822791459,32.66497410911933,473.77414232851766,871.2613077862084
2952,4.59759591133642,32.621309565469915,473.62104869158657,871.1032951614748
2953,4.5868576473909854,32.577702608735336,473.46801521275825,870.9453258211797
2954,4.576143976409746,32.5341531657437,473.31504186440554,870.7873997488637
2955,4.5654548439609925,32.49066116340333,473.16212861866495,870.6295169278186
2956,4.5547901957284935,32.44722652869916,473.0092754477017,870.4716773423269
2957,4.544149977507395,32.40384918871328,472.8564823240574,870.3138809747452
2958,4.5335341352069705,32.360529070607555,472.7037492197758,870.1561278098401
2959,4.522942614849271,32.317266101630736,472.55107610719006,869.9984178307986
2960,4.512375362569244,32.27406020911414,472.3984629585732,869.8407510205564
2961,4.5018323246146394,32.23091132047594,472.24590974639943,869.6831273641229
2962,4.491313447345931,32.18781936322395,472.09341644282097,869.5255468433144
2963,4.480818677235284,32.144784264941876,471.94098302027976,869.3680094429919
2964,4.470347960866576,32.101805953306325,471.78860945115525,869.2105151459057
2965,4.459901244935786,32.05888435607338,471.6362957078559,869.0530639367724
2966,4.449478476250945,32.01601940109131,471.4840417627295,868.895655798111
2967,4.43907960173042,31.9732110162781,471.3318475882362,868.7382907144138
2968,4.428704568404839,31.930459129650444,471.17971315669126,868.5809686684979
2969,4.418353323414671,31.887763669307105,471.02763844060826,868.4236896444459
2970,4.408025814011673,31.84512456343282,470.8756234123555,868.2664536262749
2971,4.397721987558583,31.80254174028738,470.72366804458875,868.109260596943
2972,4.3874417915273725,31.760015128219464,470.57177230964123,867.9521105406835
2973,4.377185173500592,31.71754465566633,470.41993618004835,867.7950034404911
2974,4.366952081170531,31.675130251143628,470.2681596282854,867.6379392807248
2975,4.356742462339973,31.63277184325858,470.1164426269394,867.4809180448595
2976,4.346556264920707,31.59046936069032,469.9647851484517,867.3239397167588
2977,4.336393436932227,31.54822273221268,469.8131871654638,867.1670042799366
2978,4.326253926505629,31.506031886680717,469.6616491241807,867.010111717661
2979,4.316137681879361,31.46389675302467,469.5101695763374,866.8532620143822
2980,4.306044651400896,31.42181726027212,469.3587499151811,866.6964551536656
2981,4.2959747835257005,31.379793337528866,469.20738963992005,866.5396911190195
2982,4.285928026818311,31.337824913978295,469.0560887231568,866.3829698947621
2983,4.2759043299501585,31.295911918891107,468.90484713743035,866.2262914639887
2984,4.26590364170162,31.254054281619375,468.75366485539325,866.069655810791
2985,4.255925910960272,31.212251931612144,468.60254184990026,865.9130629188272
2986,4.245971086720246,31.17050479837951,468.4514780934827,865.7565127716952
2987,4.2360391180840296,31.128812811528746,468.3004735587874,865.6000053535403
2988,4.226129954261445,31.087175900747013,468.14952821857264,865.443540648077
2989,4.21624354456732,31.045593995802705,467.9986420457118,865.287118639224
2990,4.206379838424013,31.00406702655053,467.8478150126673,865.1307393104634
2991,4.1965387853611915,30.962594922925888,467.69704709253915,864.9744026460164
2992,4.186720335013412,30.92117761494393,467.5463382576695,864.818108628689
2993,4.176924437122167,30.87981503270322,467.3956884812975,864.6618572439028
2994,4.16715104153316,30.83850710638896,467.24509773581804,864.5056484747593
2995,4.157400098199567,30.797253766269392,467.0945659942612,864.3494823048427
2996,4.147671557178647,30.75605494268595,466.94409322933643,864.193358718194
2997,4.137965368633843,30.71491056607303,466.7936794140387,864.0372776986894
2998,4.128281482832648,30.67382056693782,466.6433245210428,863.8812392304056
2999,4.118619850147972,30.632784875883203,466.49302852339576,863.7252432955249
